-- Assuming SQLite syntax for simplicity. Data types are inferred based on column names:
-- - Codes, numbers, types: INTEGER or VARCHAR(50)
-- - Names, descriptions: VARCHAR(255)
-- - Amounts: DECIMAL(15,2)
-- - Dates: DATE
-- - Flags, booleans: INTEGER (0/1)
-- - Quantities: DECIMAL(15,3)
-- No primary/foreign keys defined as not specified in schema.

CREATE TABLE INV_V_ITM_MOVMNT_AI (
    ITEM_CODE VARCHAR(50),
    ITEM_NAME VARCHAR(255),
    ITEM_FOREIGN_NAME VARCHAR(255),
    ITEM_DESCRIPTION VARCHAR(255),
    ITEM_FOREIGN_DESCRIPTION VARCHAR(255),
    ITEM_UNIT VARCHAR(50),
    MAXIMUM_ITEM_UNIT DECIMAL(15,3),
    MAXIMUM_PARENT_SIZE DECIMAL(15,3),
    ITEMS_GROUP_CLASS_CODE VARCHAR(50),
    ITEM_GROUP_CLASS_NAME VARCHAR(255),
    ITEM_ACTIVITY_NUMBER INTEGER,
    ITEM_ACTIVITY_NAME VARCHAR(255),
    MAIN_GROUP_CODE VARCHAR(50),
    MAIN_GROUP_CODE_NAME VARCHAR(255),
    SUBGROUP_CODE VARCHAR(50),
    SUBGROUP_CODE_NAME VARCHAR(255),
    UNDER_SUBGROUP_CODE VARCHAR(50),
    UNDER_SUBGROUP_CODE_NAME VARCHAR(255),
    ASISTANT_GROUP_CODE VARCHAR(50),
    ASISTANT_GROUP_NAME VARCHAR(255),
    DETAIL_GROUP_CODE VARCHAR(50),
    DETAIL_GROUP_CODE_NAME VARCHAR(255),
    ALTRNATIVE_GROUP_CODE VARCHAR(50),
    ALTRNATIVE_GROUP_NAME VARCHAR(255),
    ITEM_CATEGORY_NUMBER INTEGER,
    ITEM_CATEGORY_NAME VARCHAR(255),
    KIT_ITEM INTEGER,
    USE_EXPIRE_DATE INTEGER,
    USING_BATCH_NUMBER INTEGER,
    USING_SERIAL_NUMBER INTEGER,
    USING_ITEM_ATTACHMENT INTEGER,
    ITEM_PACKAGE_SIZE DECIMAL(15,3),
    ITEM_SIZE DECIMAL(15,3),
    ITEM_AREA DECIMAL(15,3),
    ITEM_WEIGHT DECIMAL(15,3),
    GLOBAL_TRAD_ITEM_NUMBER_CODE VARCHAR(50),
    HARMONIZED_SYSTEM_NOMENCLATURE VARCHAR(50),
    MANUFACTURE_CODE VARCHAR(50),
    ALTERBATIVE_CODE VARCHAR(50),
    MATERIAL_REQUIREMENT_PLANING INTEGER,
    DOCUMENT_TYPE VARCHAR(50),
    DOCUMENT_TYPE_NAME VARCHAR(255),
    PAYMENT_METHOD VARCHAR(50),
    PAYMENT_METHOD_NAME VARCHAR(255),
    DOCUMENT_SUBTYPE VARCHAR(50),
    DOCUMENT_SUBTYPE_NAME VARCHAR(255),
    WAREHOUSE_CODE VARCHAR(50),
    WAREHOUSE_NAME VARCHAR(255),
    WAREHOUSE_GROUP_CODE VARCHAR(50),
    WAREHOUSE_GROUP_NAME VARCHAR(255),
    DOCUMENT_DATE DATE,
    FINANCE_PERIOD_NUMBER INTEGER,
    FINANCE_PERIOD_NAME VARCHAR(255),
    INCOMING_OUTGOING INTEGER,
    INCOMING_OUTGOING_NAME VARCHAR(255),
    ITEM_QUANTITY DECIMAL(15,3),
    NET_SALES_QUANTITY DECIMAL(15,3),
    INCOMING_QUANTITY DECIMAL(15,3),
    OUTGOING_QUANTITY DECIMAL(15,3),
    FREE_INCOMING_QUANTITY DECIMAL(15,3),
    FREE_OUTGOING_QUANTITY DECIMAL(15,3),
    NET_INCOMING_QUANTITY DECIMAL(15,3),
    NET_OUTGOING_QUANTITY DECIMAL(15,3),
    AVAILABLE_QUANTITY DECIMAL(15,3),
    STOCK_COST DECIMAL(15,2),
    VALUE_ADDED_TAX_AMOUNT DECIMAL(15,2),
    DISCOUNT_AMOUNT DECIMAL(15,2),
    OTHER_AMOUNT DECIMAL(15,2),
    OTHER_VALUE_ADDED_TAX_AMOUNT DECIMAL(15,2),
    DISCOUNT_AMOUNT_DETAIL DECIMAL(15,2),
    DISCOUNT_AMOUNT_DETAIL_VAT DECIMAL(15,2),
    DISCOUNT_AMOUNT_DETAIL_2 DECIMAL(15,2),
    DISCOUNT_AMOUNT_DETAIL_2_VAT DECIMAL(15,2),
    DISCOUNT_AMOUNT_DETAIL_3 DECIMAL(15,2),
    DISCOUNT_AMOUNT_DETAIL_3_VAT DECIMAL(15,2),
    ITEM_COST_WAREHOUSE_AVERAGE DECIMAL(15,2),
    LENGTH_FROM_INITIAL DECIMAL(15,3),
    WIDTH_FROM_INITIAL DECIMAL(15,3),
    HEIGHT_FROM_INITIAL DECIMAL(15,3),
    ACCOUNT_DETAIL_TYPE INTEGER,
    CUSTOMER_CODE VARCHAR(50),
    CUSTOMER_NAME VARCHAR(255),
    VENDOR_CODE VARCHAR(50),
    VENDOR_NAME VARCHAR(255),
    COST_CENTER_CODE VARCHAR(50),
    COST_CENTER_NAME VARCHAR(255),
    PROJECT_NUMBER INTEGER,
    PROJECT_NAME VARCHAR(255),
    ACTIVITY_NUMBER INTEGER,
    ACTIVITY_NAME VARCHAR(255),
    EXPIRE_DATE DATE,
    BATCH_NUMBER VARCHAR(50),
    COMPANY_NUMBER INTEGER,
    COMPANY_NAME VARCHAR(255),
    BRANCH_NUMBER INTEGER,
    BRANCH_NAME VARCHAR(255),
    BRANCH_YEAR INTEGER,
    BRANCH_USER_ VARCHAR(50),
    COUNTRY_NUMBER INTEGER,
    COUNTRY_NAME VARCHAR(255),
    PROVINCE_NUMBER INTEGER,
    PROVINCE_NAME VARCHAR(255),
    CITY_NUMBER INTEGER,
    CITY_NAME VARCHAR(255),
    REGION_CODE VARCHAR(50),
    REGION_CODE_NAME VARCHAR(255),
    INCOMING_DATE DATE,
    LENGTH_FROM_TRANSACTION DECIMAL(15,3),
    WIDTH_FROM_TRANSACTION DECIMAL(15,3),
    HEIGHT_FROM_TRANSACTION DECIMAL(15,3),
    SEASONAL_ITEM INTEGER,
    OBJECT_REUSE_EXCHANGE_ITEM INTEGER,
    BRAND VARCHAR(255),
    MANUFACTURE_COMPANY VARCHAR(255),
    MANUFACTURE_COUNTRY VARCHAR(255)
);

CREATE TABLE GLS_PST_AI_VW (
    DOC_SRL INTEGER,
    DOC_TYP INTEGER,
    UNT_NO INTEGER,
    AC_CODE VARCHAR(50),
    AC_L_NM VARCHAR(255),
    AC_F_NM VARCHAR(255),
    AC_TYP INTEGER,
    IS_OPN_BLNC INTEGER,
    IS_CRNCY_DFRNC INTEGER,
    AC_CODE_DTL VARCHAR(50),
    AC_DTL_NM VARCHAR(255),
    AC_DTL_TYP INTEGER,
    CUR_CODE VARCHAR(10),
    DOC_NO VARCHAR(50),
    DOC_DATE DATE,
    GL_DATE DATE,
    DOC_TYP_NM VARCHAR(255),
    SMAN_CODE VARCHAR(50),
    SMAN_CODE_NM VARCHAR(255),
    CLCTR_CODE VARCHAR(50),
    CLCTR_CODE_NM VARCHAR(255),
    REF_NO VARCHAR(50),
    MNL_NO VARCHAR(50),
    DOC_DESC VARCHAR(255),
    DR_AMT_L DECIMAL(15,2),
    DR_AMT_F DECIMAL(15,2),
    CR_AMT_L DECIMAL(15,2),
    CR_AMT_F DECIMAL(15,2)
);

CREATE TABLE GNR_EMP_AI_VW (
    BRN_NO INTEGER,
    EMP_NO INTEGER,
    EMP_L_NM VARCHAR(255),
    EMP_F_NM VARCHAR(255),
    EMP_STS_NM VARCHAR(255),
    JOB_NM_NO_NM VARCHAR(255),
    MNG_NM_NO_NM VARCHAR(255),
    GRD_NO INTEGER,
    GRD_NO_NM VARCHAR(255),
    EMPLYMNT_TYP_NM VARCHAR(255),
    CRNT_STS_NM VARCHAR(255),
    NTNLTY_NO INTEGER,
    NTNLTY_NM VARCHAR(255),
    GNDR_TYP_NM VARCHAR(255),
    MRTL_STS_NM VARCHAR(255),
    RLGN_NM VARCHAR(255),
    LVL_NO_NM VARCHAR(255),
    CTZN_NO_NM VARCHAR(255),
    STRT_WRK_DATE DATE,
    GRP_NO INTEGER,
    GRP_NO_NM VARCHAR(255),
    CUR_CODE VARCHAR(10),
    NTNL_ID VARCHAR(50),
    BRTH_AD_DATE DATE,
    END_WRK_DATE DATE,
    PAY_MTHD VARCHAR(50),
    END_TST_PRD_DATE DATE
);

CREATE TABLE PURCHS_BILL_MST_AI_VW (
    TYP_NO INTEGER,
    DOC_NO VARCHAR(50),
    DOC_SRL INTEGER,
    DOC_DATE DATE,
    MNL_DATE DATE,
    CUR_CODE VARCHAR(10),
    CUR_RATE DECIMAL(15,4),
    STK_RATE DECIMAL(15,4),
    WRHS_CODE VARCHAR(50),
    UNT_NO INTEGER,
    PYMNT_CSH DECIMAL(15,2),
    PYMNT_BNK DECIMAL(15,2),
    PYMNT_CRDT DECIMAL(15,2),
    PYMNT_AC DECIMAL(15,2),
    VNDR_CODE VARCHAR(50),
    VNDR_NM VARCHAR(255),
    AC_CODE_DTL_SUB VARCHAR(50),
    CSH_CODE VARCHAR(50),
    BNK_CODE VARCHAR(50),
    AC_CODE_DTL_SUB_BNK VARCHAR(50),
    AC_CODE VARCHAR(50),
    AC_CODE_DTL VARCHAR(50),
    AC_DTL_TYP INTEGER,
    CSH_AMT DECIMAL(15,2),
    BNK_AMT DECIMAL(15,2),
    CRDT_AMT DECIMAL(15,2),
    AC_AMT DECIMAL(15,2),
    DOC_AMT DECIMAL(15,2),
    DSCNT_AMT DECIMAL(15,2),
    OTHR_AMT DECIMAL(15,2),
    TAX_AMT DECIMAL(15,2),
    DSCNT_AMT_ADD DECIMAL(15,2),
    CSH_AMT_LOCAL DECIMAL(15,2),
    BNK_AMT_LOCAL DECIMAL(15,2),
    CRDT_AMT_LOCAL DECIMAL(15,2),
    AC_AMT_LOCAL DECIMAL(15,2),
    DOC_AMT_LOCAL DECIMAL(15,2),
    DSCNT_AMT_LOCAL DECIMAL(15,2),
    OTHR_AMT_LOCAL DECIMAL(15,2),
    TAX_AMT_LOCAL DECIMAL(15,2),
    DSCNT_AMT_ADD_LOCAL DECIMAL(15,2),
    TOTL_BILL_AMT DECIMAL(15,2),
    TOTL_BILL_AMT_LOCAL DECIMAL(15,2),
    PMAN_CODE VARCHAR(50),
    DRVR_NO INTEGER,
    SUB_LDGR1_CODE VARCHAR(50),
    SUB_LDGR2_CODE VARCHAR(50),
    SUB_LDGR3_CODE VARCHAR(50),
    SUB_LDGR4_CODE VARCHAR(50),
    SUB_LDGR5_CODE VARCHAR(50),
    SUB_LDGR6_CODE VARCHAR(50),
    TAX_CODE VARCHAR(50),
    DOC_DUE_DATE DATE,
    DOC_DSC VARCHAR(255),
    REF_NO VARCHAR(50),
    MNL_NO VARCHAR(50),
    CHQ_NOTE_NO VARCHAR(50),
    CHQ_NOTE_DATE DATE,
    TAX_CTGRY_NO INTEGER,
    CLC_TAX_FREE_QTY_FLG INTEGER,
    VRFY_FLG INTEGER,
    STNDBY_FLG INTEGER,
    PST_FLG INTEGER,
    YR_NO INTEGER,
    CRT_USR VARCHAR(50),
    CRT_DATE DATE
);

CREATE TABLE PURCHS_BILL_DTL_AI_VW (
    DOC_NO VARCHAR(50),
    DOC_SRL INTEGER,
    DOC_D_SQ INTEGER,
    YR_NO INTEGER,
    UNT_NO INTEGER,
    ITM_CODE VARCHAR(50),
    ITM_UNT VARCHAR(50),
    ITM_SZ DECIMAL(15,3),
    WRHS_CODE VARCHAR(50),
    EXP_DATE DATE,
    ITM_SGMNT_CNTCT VARCHAR(255),
    ITM_QTY DECIMAL(15,3),
    ITM_FREE_QTY DECIMAL(15,3),
    ITM_FREE_QTY_ADD DECIMAL(15,3),
    ITM_TOTL_FREE_QTY DECIMAL(15,3),
    ITM_MN_QTY DECIMAL(15,3),
    ITM_MN_FREE_QTY DECIMAL(15,3),
    ITM_TOTL_MN_FREE_QTY DECIMAL(15,3),
    ITM_PRICE DECIMAL(15,2),
    ITM_STK_CST DECIMAL(15,2),
    ITM_TAX_PRCNT DECIMAL(5,2),
    ITM_TAX_AMT DECIMAL(15,2),
    ITM_OTHR_CHRG_AMT DECIMAL(15,2),
    ITM_DSCNT_AMT DECIMAL(15,2),
    ITM_DSCNT_AMT_ADD DECIMAL(15,2),
    ITM_TOTL_PRICE DECIMAL(15,2),
    ITM_TOTL_DSCNT_AMT DECIMAL(15,2),
    ITM_TOTL_OTHR_CHRG_AMT DECIMAL(15,2),
    ITM_TOTL_TAX_AMT DECIMAL(15,2),
    ITM_TOTL_DSCNT_AMT_ADD DECIMAL(15,2),
    ITM_TOTL_AMT DECIMAL(15,2),
    ITM_TOTL_STK_CST DECIMAL(15,2),
    ITM_TOTL_PRICE_LOCAL DECIMAL(15,2),
    ITM_TOTL_DSCNT_AMT_LOCAL DECIMAL(15,2),
    ITM_TOTL_OTHR_AMT_LOCAL DECIMAL(15,2),
    ITM_TOTL_TAX_AMT_LOCAL DECIMAL(15,2),
    ITM_DSCNT_AMT_ADD_LOCAL DECIMAL(15,2),
    ITM_TOTL_AMT_LOCAL DECIMAL(15,2),
    SUB_LDGR1_CODE VARCHAR(50),
    SUB_LDGR2_CODE VARCHAR(50),
    SUB_LDGR3_CODE VARCHAR(50),
    SUB_LDGR4_CODE VARCHAR(50),
    SUB_LDGR5_CODE VARCHAR(50),
    SUB_LDGR6_CODE VARCHAR(50)
);

CREATE TABLE SALES_BILL_MST_AI_VW (
    TYP_NO INTEGER,
    DOC_NO VARCHAR(50),
    DOC_SRL INTEGER,
    DOC_DATE DATE,
    MNL_DATE DATE,
    CUR_CODE VARCHAR(10),
    CUR_RATE DECIMAL(15,4),
    STK_RATE DECIMAL(15,4),
    WRHS_CODE VARCHAR(50),
    UNT_NO INTEGER,
    PYMNT_CSH DECIMAL(15,2),
    PYMNT_BNK DECIMAL(15,2),
    PYMNT_CRDT DECIMAL(15,2),
    PYMNT_CPN DECIMAL(15,2),
    PYMNT_AC DECIMAL(15,2),
    PYMNT_POINT_RPLC DECIMAL(15,2),
    PYMNT_RPLC DECIMAL(15,2),
    CSTMR_CODE VARCHAR(50),
    CSTMR_NM VARCHAR(255),
    CSTMR_MOBILE VARCHAR(50),
    AC_CODE_DTL_SUB_CST VARCHAR(50),
    CSH_CODE VARCHAR(50),
    BNK_CODE VARCHAR(50),
    AC_CODE_DTL_SUB_BNK VARCHAR(50),
    AC_CODE VARCHAR(50),
    AC_CODE_DTL VARCHAR(50),
    AC_DTL_TYP INTEGER,
    AC_CODE_DTL_SUB VARCHAR(50),
    CSH_AMT DECIMAL(15,2),
    BNK_AMT DECIMAL(15,2),
    CRDT_AMT DECIMAL(15,2),
    CPN_AMT DECIMAL(15,2),
    AC_AMT DECIMAL(15,2),
    RPLC_AMT DECIMAL(15,2),
    POINT_AMT_RPLC DECIMAL(15,2),
    DOC_AMT DECIMAL(15,2),
    DSCNT_AMT DECIMAL(15,2),
    OTHR_AMT DECIMAL(15,2),
    TAX_AMT DECIMAL(15,2),
    DSCNT_AMT_ADD DECIMAL(15,2),
    CSH_AMT_LOCAL DECIMAL(15,2),
    BNK_AMT_LOCAL DECIMAL(15,2),
    CRDT_AMT_LOCAL DECIMAL(15,2),
    CPN_AMT_LOCAL DECIMAL(15,2),
    AC_AMT_LOCAL DECIMAL(15,2),
    RPLC_AMT_LOCAL DECIMAL(15,2),
    POINT_AMT_RPLC_LOCAL DECIMAL(15,2),
    TOTL_BILL_AMT DECIMAL(15,2),
    TOTL_BILL_AMT_LOCAL DECIMAL(15,2),
    SMAN_CODE VARCHAR(50),
    MRKTR_CODE VARCHAR(50),
    CLCTR_CODE VARCHAR(50),
    EMP_CODE VARCHAR(50),
    DRVR_NO INTEGER,
    RGN_NO INTEGER,
    SUB_LDGR1_CODE VARCHAR(50),
    SUB_LDGR2_CODE VARCHAR(50),
    SUB_LDGR3_CODE VARCHAR(50),
    SUB_LDGR4_CODE VARCHAR(50),
    SUB_LDGR5_CODE VARCHAR(50),
    SUB_LDGR6_CODE VARCHAR(50),
    TAX_CODE VARCHAR(50),
    DOC_DUE_DATE DATE,
    DOC_DSC VARCHAR(255),
    REF_NO VARCHAR(50),
    MNL_NO VARCHAR(50),
    CHQ_NOTE_NO VARCHAR(50),
    CHQ_NOTE_DATE DATE,
    COMM_PRCNT DECIMAL(5,2),
    TAX_CTGRY_NO INTEGER,
    TAX_BILL_TYP INTEGER,
    CLC_TAX_FREE_QTY_FLG INTEGER,
    VRFY_FLG INTEGER,
    STNDBY_FLG INTEGER,
    PST_FLG INTEGER,
    YR_NO INTEGER,
    CRT_USR VARCHAR(50),
    CRT_DATE DATE
);

CREATE TABLE SALES_BILL_DTL_AI_VW (
    DOC_NO VARCHAR(50),
    DOC_SRL INTEGER,
    ITM_CODE VARCHAR(50),
    ITM_UNT VARCHAR(50),
    ITM_SZ DECIMAL(15,3),
    WRHS_CODE VARCHAR(50),
    EXP_DATE DATE,
    ITM_SGMNT_CNTCT VARCHAR(255),
    ITM_QTY DECIMAL(15,3),
    ITM_FREE_QTY DECIMAL(15,3),
    ITM_FREE_QTY_ADD DECIMAL(15,3),
    ITM_TOTL_QTY DECIMAL(15,3),
    ITM_TOTL_FREE_QTY DECIMAL(15,3),
    ITM_MN_QTY DECIMAL(15,3),
    ITM_MN_FREE_QTY DECIMAL(15,3),
    ITM_MN_FREE_QTY_ADD DECIMAL(15,3),
    ITM_TOTL_MN_QTY DECIMAL(15,3),
    ITM_MN_TOTL_MN_FREE_QTY DECIMAL(15,3),
    ITM_PRICE DECIMAL(15,2),
    ITM_STK_CST DECIMAL(15,2),
    ITM_TAX_PRCNT DECIMAL(5,2),
    ITM_TAX_AMT DECIMAL(15,2),
    ITM_OTHR_CHRG_AMT DECIMAL(15,2),
    ITM_DSCNT_AMT DECIMAL(15,2),
    ITM_DSCNT_AMT_ADD DECIMAL(15,2),
    ITM_TOTL_PRICE DECIMAL(15,2),
    ITM_TOTL_DSCNT_AMT DECIMAL(15,2),
    ITM_TOTL_OTHR_CHRG_AMT DECIMAL(15,2),
    ITM_TOTL_TAX_AMT DECIMAL(15,2),
    ITM_TOTL_DSCNT_AMT_ADD DECIMAL(15,2),
    ITM_TOTL_AMT DECIMAL(15,2),
    ITM_TOTL_STK_CST DECIMAL(15,2),
    ITM_TOTL_PRICE_LOCAL DECIMAL(15,2),
    ITM_TOTL_DSCNT_AMT_LOCAL DECIMAL(15,2),
    ITM_TOTL_OTHR_AMT_LOCAL DECIMAL(15,2),
    ITM_TOTL_TAX_AMT_LOCAL DECIMAL(15,2),
    ITM_DSCNT_AMT_ADD_LOCAL DECIMAL(15,2),
    ITM_TOTL_AMT_LOCAL DECIMAL(15,2),
    SUB_LDGR1_CODE VARCHAR(50),
    SUB_LDGR2_CODE VARCHAR(50),
    SUB_LDGR3_CODE VARCHAR(50),
    SUB_LDGR4_CODE VARCHAR(50),
    SUB_LDGR5_CODE VARCHAR(50),
    SUB_LDGR6_CODE VARCHAR(50),
    EMP_CODE VARCHAR(50),
    SRVC_FLG INTEGER,
    DOC_D_SQ INTEGER,
    UNT_NO INTEGER,
    YR_NO INTEGER
);

CREATE TABLE SALES_RT_BILL_MST_AI_VW (
    TYP_NO INTEGER,
    DOC_NO VARCHAR(50),
    DOC_SRL INTEGER,
    DOC_DATE DATE,
    MNL_DATE DATE,
    CUR_CODE VARCHAR(10),
    CUR_RATE DECIMAL(15,4),
    STK_RATE DECIMAL(15,4),
    WRHS_CODE VARCHAR(50),
    UNT_NO INTEGER,
    PYMNT_CSH DECIMAL(15,2),
    PYMNT_BNK DECIMAL(15,2),
    PYMNT_CRDT DECIMAL(15,2),
    PYMNT_CPN DECIMAL(15,2),
    PYMNT_AC DECIMAL(15,2),
    PYMNT_POINT_RPLC DECIMAL(15,2),
    PYMNT_RPLC DECIMAL(15,2),
    CSTMR_CODE VARCHAR(50),
    CSTMR_NM VARCHAR(255),
    CSTMR_MOBILE VARCHAR(50),
    AC_CODE_DTL_SUB_CST VARCHAR(50),
    CSH_CODE VARCHAR(50),
    BNK_CODE VARCHAR(50),
    AC_CODE_DTL_SUB_BNK VARCHAR(50),
    AC_CODE VARCHAR(50),
    AC_CODE_DTL VARCHAR(50),
    AC_DTL_TYP INTEGER,
    AC_CODE_DTL_SUB VARCHAR(50),
    CSH_AMT DECIMAL(15,2),
    BNK_AMT DECIMAL(15,2),
    CRDT_AMT DECIMAL(15,2),
    CPN_AMT DECIMAL(15,2),
    AC_AMT DECIMAL(15,2),
    RPLC_AMT DECIMAL(15,2),
    POINT_AMT_RPLC DECIMAL(15,2),
    DOC_AMT DECIMAL(15,2),
    DSCNT_AMT DECIMAL(15,2),
    OTHR_AMT DECIMAL(15,2),
    TAX_AMT DECIMAL(15,2),
    DSCNT_AMT_ADD DECIMAL(15,2),
    CSH_AMT_LOCAL DECIMAL(15,2),
    BNK_AMT_LOCAL DECIMAL(15,2),
    CRDT_AMT_LOCAL DECIMAL(15,2),
    CPN_AMT_LOCAL DECIMAL(15,2),
    AC_AMT_LOCAL DECIMAL(15,2),
    RPLC_AMT_LOCAL DECIMAL(15,2),
    POINT_AMT_RPLC_LOCAL DECIMAL(15,2),
    TOTL_BILL_AMT DECIMAL(15,2),
    TOTL_BILL_AMT_LOCAL DECIMAL(15,2),
    SMAN_CODE VARCHAR(50),
    MRKTR_CODE VARCHAR(50),
    CLCTR_CODE VARCHAR(50),
    EMP_CODE VARCHAR(50),
    DRVR_NO INTEGER,
    RGN_NO INTEGER,
    SUB_LDGR1_CODE VARCHAR(50),
    SUB_LDGR2_CODE VARCHAR(50),
    SUB_LDGR3_CODE VARCHAR(50),
    SUB_LDGR4_CODE VARCHAR(50),
    SUB_LDGR5_CODE VARCHAR(50),
    SUB_LDGR6_CODE VARCHAR(50),
    TAX_CODE VARCHAR(50),
    DOC_DUE_DATE DATE,
    DOC_DSC VARCHAR(255),
    REF_NO VARCHAR(50),
    MNL_NO VARCHAR(50),
    CHQ_NOTE_NO VARCHAR(50),
    CHQ_NOTE_DATE DATE,
    COMM_PRCNT DECIMAL(5,2),
    TAX_CTGRY_NO INTEGER,
    TAX_BILL_TYP INTEGER,
    RESON_TYP INTEGER,
    RESON_DESC VARCHAR(255),
    CLC_TAX_FREE_QTY_FLG INTEGER,
    VRFY_FLG INTEGER,
    STNDBY_FLG INTEGER,
    PST_FLG INTEGER,
    YR_NO INTEGER,
    CRT_USR VARCHAR(50),
    CRT_DATE DATE
);

CREATE TABLE SALES_RT_BILL_DTL_AI_VW (
    DOC_NO VARCHAR(50),
    DOC_SRL INTEGER,
    ITM_CODE VARCHAR(50),
    ITM_UNT VARCHAR(50),
    ITM_SZ DECIMAL(15,3),
    WRHS_CODE VARCHAR(50),
    EXP_DATE DATE,
    ITM_SGMNT_CNTCT VARCHAR(255),
    ITM_QTY DECIMAL(15,3),
    ITM_FREE_QTY DECIMAL(15,3),
    ITM_FREE_QTY_ADD DECIMAL(15,3),
    ITM_TOTL_QTY DECIMAL(15,3),
    ITM_TOTL_FREE_QTY DECIMAL(15,3),
    ITM_MN_QTY DECIMAL(15,3),
    ITM_MN_FREE_QTY DECIMAL(15,3),
    ITM_MN_FREE_QTY_ADD DECIMAL(15,3),
    ITM_TOTL_MN_QTY DECIMAL(15,3),
    ITM_MN_TOTL_MN_FREE_QTY DECIMAL(15,3),
    ITM_PRICE DECIMAL(15,2),
    ITM_STK_CST DECIMAL(15,2),
    ITM_TAX_PRCNT DECIMAL(5,2),
    ITM_TAX_AMT DECIMAL(15,2),
    ITM_OTHR_CHRG_AMT DECIMAL(15,2),
    ITM_DSCNT_AMT DECIMAL(15,2),
    ITM_DSCNT_AMT_ADD DECIMAL(15,2),
    ITM_TOTL_PRICE DECIMAL(15,2),
    ITM_TOTL_DSCNT_AMT DECIMAL(15,2),
    ITM_TOTL_OTHR_CHRG_AMT DECIMAL(15,2),
    ITM_TOTL_TAX_AMT DECIMAL(15,2),
    ITM_TOTL_DSCNT_AMT_ADD DECIMAL(15,2),
    ITM_TOTL_AMT DECIMAL(15,2),
    ITM_TOTL_STK_CST DECIMAL(15,2),
    ITM_TOTL_PRICE_LOCAL DECIMAL(15,2),
    ITM_TOTL_DSCNT_AMT_LOCAL DECIMAL(15,2),
    ITM_TOTL_OTHR_AMT_LOCAL DECIMAL(15,2),
    ITM_TOTL_TAX_AMT_LOCAL DECIMAL(15,2),
    ITM_DSCNT_AMT_ADD_LOCAL DECIMAL(15,2),
    ITM_TOTL_AMT_LOCAL DECIMAL(15,2),
    SUB_LDGR1_CODE VARCHAR(50),
    SUB_LDGR2_CODE VARCHAR(50),
    SUB_LDGR3_CODE VARCHAR(50),
    SUB_LDGR4_CODE VARCHAR(50),
    SUB_LDGR5_CODE VARCHAR(50),
    SUB_LDGR6_CODE VARCHAR(50),
    DOC_NO_REF_BILL VARCHAR(50),
    DOC_SRL_REF_BILL INTEGER,
    EMP_CODE VARCHAR(50),
    SRVC_FLG INTEGER,
    DOC_D_SQ INTEGER,
    UNT_NO INTEGER,
    YR_NO INTEGER
);

CREATE TABLE MRP_WORK_ORDER_AI_VW (
    WORK_ORDER_NO VARCHAR(50),
    WORK_ORDER_DATE DATE,
    WORK_ORDER_SOURCE INTEGER,
    ITEM_CODE VARCHAR(50),
    ITEM_CLASS INTEGER,
    WORK_ORDER_QTY DECIMAL(15,3),
    PRODUCT_QTY DECIMAL(15,3),
    SCRAP_QTY DECIMAL(15,3),
    DELIVER_QTY DECIMAL(15,3),
    STANDARD_TIME DECIMAL(15,2),
    ACTUAL_TIME DECIMAL(15,2),
    BREAKDOWN_TIME DECIMAL(15,2),
    MATERIAL_STANDARD_COST DECIMAL(15,2),
    MATERIAL_ACTUAL_COST DECIMAL(15,2),
    MACHINE_STANDARD_COST DECIMAL(15,2),
    MACHINE_ACTUAL_COST DECIMAL(15,2),
    LABOR_STANDARD_COST DECIMAL(15,2),
    LABOR_ACTUAL_COST DECIMAL(15,2),
    INDIRECT_STANDARD_COST DECIMAL(15,2),
    INDIRECT_ACTUAL_COST DECIMAL(15,2),
    TOTAL_STANDARD_COST DECIMAL(15,2),
    TOTAL_ACTUAL_COST DECIMAL(15,2),
    UNIT_STANDARD_COST DECIMAL(15,2),
    UNIT_ACTUAL_COST DECIMAL(15,2),
    WORK_ORDER_STATUS INTEGER
);

-- Insert dummy data into each table. Inserting 3 rows per table for demonstration.

-- INV_V_ITM_MOVMNT_AI
INSERT INTO INV_V_ITM_MOVMNT_AI (ITEM_CODE, ITEM_NAME, ITEM_FOREIGN_NAME, ITEM_DESCRIPTION, ITEM_FOREIGN_DESCRIPTION, ITEM_UNIT, MAXIMUM_ITEM_UNIT, MAXIMUM_PARENT_SIZE, ITEMS_GROUP_CLASS_CODE, ITEM_GROUP_CLASS_NAME, ITEM_ACTIVITY_NUMBER, ITEM_ACTIVITY_NAME, MAIN_GROUP_CODE, MAIN_GROUP_CODE_NAME, SUBGROUP_CODE, SUBGROUP_CODE_NAME, UNDER_SUBGROUP_CODE, UNDER_SUBGROUP_CODE_NAME, ASISTANT_GROUP_CODE, ASISTANT_GROUP_NAME, DETAIL_GROUP_CODE, DETAIL_GROUP_CODE_NAME, ALTRNATIVE_GROUP_CODE, ALTRNATIVE_GROUP_NAME, ITEM_CATEGORY_NUMBER, ITEM_CATEGORY_NAME, KIT_ITEM, USE_EXPIRE_DATE, USING_BATCH_NUMBER, USING_SERIAL_NUMBER, USING_ITEM_ATTACHMENT, ITEM_PACKAGE_SIZE, ITEM_SIZE, ITEM_AREA, ITEM_WEIGHT, GLOBAL_TRAD_ITEM_NUMBER_CODE, HARMONIZED_SYSTEM_NOMENCLATURE, MANUFACTURE_CODE, ALTERBATIVE_CODE, MATERIAL_REQUIREMENT_PLANING, DOCUMENT_TYPE, DOCUMENT_TYPE_NAME, PAYMENT_METHOD, PAYMENT_METHOD_NAME, DOCUMENT_SUBTYPE, DOCUMENT_SUBTYPE_NAME, WAREHOUSE_CODE, WAREHOUSE_NAME, WAREHOUSE_GROUP_CODE, WAREHOUSE_GROUP_NAME, DOCUMENT_DATE, FINANCE_PERIOD_NUMBER, FINANCE_PERIOD_NAME, INCOMING_OUTGOING, INCOMING_OUTGOING_NAME, ITEM_QUANTITY, NET_SALES_QUANTITY, INCOMING_QUANTITY, OUTGOING_QUANTITY, FREE_INCOMING_QUANTITY, FREE_OUTGOING_QUANTITY, NET_INCOMING_QUANTITY, NET_OUTGOING_QUANTITY, AVAILABLE_QUANTITY, STOCK_COST, VALUE_ADDED_TAX_AMOUNT, DISCOUNT_AMOUNT, OTHER_AMOUNT, OTHER_VALUE_ADDED_TAX_AMOUNT, DISCOUNT_AMOUNT_DETAIL, DISCOUNT_AMOUNT_DETAIL_VAT, DISCOUNT_AMOUNT_DETAIL_2, DISCOUNT_AMOUNT_DETAIL_2_VAT, DISCOUNT_AMOUNT_DETAIL_3, DISCOUNT_AMOUNT_DETAIL_3_VAT, ITEM_COST_WAREHOUSE_AVERAGE, LENGTH_FROM_INITIAL, WIDTH_FROM_INITIAL, HEIGHT_FROM_INITIAL, ACCOUNT_DETAIL_TYPE, CUSTOMER_CODE, CUSTOMER_NAME, VENDOR_CODE, VENDOR_NAME, COST_CENTER_CODE, COST_CENTER_NAME, PROJECT_NUMBER, PROJECT_NAME, ACTIVITY_NUMBER, ACTIVITY_NAME, EXPIRE_DATE, BATCH_NUMBER, COMPANY_NUMBER, COMPANY_NAME, BRANCH_NUMBER, BRANCH_NAME, BRANCH_YEAR, BRANCH_USER_, COUNTRY_NUMBER, COUNTRY_NAME, PROVINCE_NUMBER, PROVINCE_NAME, CITY_NUMBER, CITY_NAME, REGION_CODE, REGION_CODE_NAME, INCOMING_DATE, LENGTH_FROM_TRANSACTION, WIDTH_FROM_TRANSACTION, HEIGHT_FROM_TRANSACTION, SEASONAL_ITEM, OBJECT_REUSE_EXCHANGE_ITEM, BRAND, MANUFACTURE_COMPANY, MANUFACTURE_COUNTRY)
VALUES 
('ITEM001', 'Widget A', 'Widget A Foreign', 'Description A', 'Foreign Desc A', 'EA', 100.0, 50.0, 'GROUP1', 'Group One', 1, 'Activity1', 'MAIN1', 'Main Group1', 'SUB1', 'Sub Group1', 'UNDER1', 'Under Sub1', 'ASST1', 'Assistant1', 'DETAIL1', 'Detail1', 'ALT1', 'Alternative1', 1, 'Category1', 0, 1, 1, 1, 1, 10.0, 5.0, 2.0, 1.5, 'GTIN001', 'HSN001', 'MAN001', 'ALT001', 1, 'DOC1', 'Document1', 'PAY1', 'Payment1', 'SUBDOC1', 'Subdoc1', 'WH1', 'Warehouse1', 'WHG1', 'WH Group1', '2025-01-01', 1, 'Period1', 1, 'Incoming', 50.0, 40.0, 60.0, 10.0, 5.0, 2.0, 55.0, 8.0, 100.0, 500.0, 50.0, 20.0, 10.0, 5.0, 15.0, 1.5, 10.0, 1.0, 5.0, 0.5, 10.0, 10.0, 5.0, 2.0, 0, 'CUST001', 'Customer1', 'VEND001', 'Vendor1', 'CC001', 'Cost Center1', 1, 'Project1', 1, 'Activity1', '2026-01-01', 'BATCH001', 1, 'Company1', 1, 'Branch1', 2025, 'User1', 1, 'Country1', 1, 'Province1', 1, 'City1', 'REG1', 'Region1', '2025-01-02', 11.0, 6.0, 3.0, 1, 0, 'Brand1', 'ManuComp1', 'ManuCountry1'),
('ITEM002', 'Widget B', 'Widget B Foreign', 'Description B', 'Foreign Desc B', 'KG', 200.0, 100.0, 'GROUP2', 'Group Two', 2, 'Activity2', 'MAIN2', 'Main Group2', 'SUB2', 'Sub Group2', 'UNDER2', 'Under Sub2', 'ASST2', 'Assistant2', 'DETAIL2', 'Detail2', 'ALT2', 'Alternative2', 2, 'Category2', 1, 0, 0, 0, 0, 20.0, 10.0, 4.0, 3.0, 'GTIN002', 'HSN002', 'MAN002', 'ALT002', 0, 'DOC2', 'Document2', 'PAY2', 'Payment2', 'SUBDOC2', 'Subdoc2', 'WH2', 'Warehouse2', 'WHG2', 'WH Group2', '2025-02-01', 2, 'Period2', 0, 'Outgoing', 100.0, 80.0, 120.0, 20.0, 10.0, 4.0, 110.0, 16.0, 200.0, 1000.0, 100.0, 40.0, 20.0, 10.0, 30.0, 3.0, 20.0, 2.0, 10.0, 1.0, 20.0, 20.0, 10.0, 4.0, 1, 'CUST002', 'Customer2', 'VEND002', 'Vendor2', 'CC002', 'Cost Center2', 2, 'Project2', 2, 'Activity2', '2026-02-01', 'BATCH002', 2, 'Company2', 2, 'Branch2', 2025, 'User2', 2, 'Country2', 2, 'Province2', 2, 'City2', 'REG2', 'Region2', '2025-02-02', 22.0, 12.0, 6.0, 0, 1, 'Brand2', 'ManuComp2', 'ManuCountry2'),
('ITEM003', 'Widget C', 'Widget C Foreign', 'Description C', 'Foreign Desc C', 'L', 300.0, 150.0, 'GROUP3', 'Group Three', 3, 'Activity3', 'MAIN3', 'Main Group3', 'SUB3', 'Sub Group3', 'UNDER3', 'Under Sub3', 'ASST3', 'Assistant3', 'DETAIL3', 'Detail3', 'ALT3', 'Alternative3', 3, 'Category3', 0, 1, 1, 1, 1, 30.0, 15.0, 6.0, 4.5, 'GTIN003', 'HSN003', 'MAN003', 'ALT003', 1, 'DOC3', 'Document3', 'PAY3', 'Payment3', 'SUBDOC3', 'Subdoc3', 'WH3', 'Warehouse3', 'WHG3', 'WH Group3', '2025-03-01', 3, 'Period3', 1, 'Incoming', 150.0, 120.0, 180.0, 30.0, 15.0, 6.0, 165.0, 24.0, 300.0, 1500.0, 150.0, 60.0, 30.0, 15.0, 45.0, 4.5, 30.0, 3.0, 15.0, 1.5, 30.0, 30.0, 15.0, 6.0, 2, 'CUST003', 'Customer3', 'VEND003', 'Vendor3', 'CC003', 'Cost Center3', 3, 'Project3', 3, 'Activity3', '2026-03-01', 'BATCH003', 3, 'Company3', 3, 'Branch3', 2025, 'User3', 3, 'Country3', 3, 'Province3', 3, 'City3', 'REG3', 'Region3', '2025-03-02', 33.0, 18.0, 9.0, 1, 0, 'Brand3', 'ManuComp3', 'ManuCountry3');

-- GLS_PST_AI_VW
INSERT INTO GLS_PST_AI_VW (DOC_SRL, DOC_TYP, UNT_NO, AC_CODE, AC_L_NM, AC_F_NM, AC_TYP, IS_OPN_BLNC, IS_CRNCY_DFRNC, AC_CODE_DTL, AC_DTL_NM, AC_DTL_TYP, CUR_CODE, DOC_NO, DOC_DATE, GL_DATE, DOC_TYP_NM, SMAN_CODE, SMAN_CODE_NM, CLCTR_CODE, CLCTR_CODE_NM, REF_NO, MNL_NO, DOC_DESC, DR_AMT_L, DR_AMT_F, CR_AMT_L, CR_AMT_F)
VALUES 
(1, 1, 1, 'AC001', 'Local Acct1', 'Foreign Acct1', 0, 1, 0, 'DTL001', 'Detail1', 0, 'USD', 'DOC001', '2025-01-01', '2025-01-01', 'Type1', 'SMAN1', 'Salesman1', 'CLCTR1', 'Collector1', 'REF001', 'MNL001', 'Desc1', 100.0, 90.0, 50.0, 45.0),
(2, 2, 2, 'AC002', 'Local Acct2', 'Foreign Acct2', 1, 0, 1, 'DTL002', 'Detail2', 1, 'EUR', 'DOC002', '2025-02-01', '2025-02-01', 'Type2', 'SMAN2', 'Salesman2', 'CLCTR2', 'Collector2', 'REF002', 'MNL002', 'Desc2', 200.0, 180.0, 100.0, 90.0),
(3, 3, 3, 'AC003', 'Local Acct3', 'Foreign Acct3', 0, 1, 0, 'DTL003', 'Detail3', 2, 'GBP', 'DOC003', '2025-03-01', '2025-03-01', 'Type3', 'SMAN3', 'Salesman3', 'CLCTR3', 'Collector3', 'REF003', 'MNL003', 'Desc3', 300.0, 270.0, 150.0, 135.0);

-- GNR_EMP_AI_VW
INSERT INTO GNR_EMP_AI_VW (BRN_NO, EMP_NO, EMP_L_NM, EMP_F_NM, EMP_STS_NM, JOB_NM_NO_NM, MNG_NM_NO_NM, GRD_NO, GRD_NO_NM, EMPLYMNT_TYP_NM, CRNT_STS_NM, NTNLTY_NO, NTNLTY_NM, GNDR_TYP_NM, MRTL_STS_NM, RLGN_NM, LVL_NO_NM, CTZN_NO_NM, STRT_WRK_DATE, GRP_NO, GRP_NO_NM, CUR_CODE, NTNL_ID, BRTH_AD_DATE, END_WRK_DATE, PAY_MTHD, END_TST_PRD_DATE)
VALUES 
(1, 1, 'John Doe', 'John Doe Foreign', 'Active', 'Job1', 'Manager1', 1, 'Grade1', 'Full-time', 'Current', 1, 'Nationality1', 'Male', 'Married', 'Religion1', 'Level1', 'Citizen1', '2020-01-01', 1, 'Group1', 'USD', 'ID001', '1990-01-01', NULL, 'Bank', '2020-04-01'),
(2, 2, 'Jane Smith', 'Jane Smith Foreign', 'Active', 'Job2', 'Manager2', 2, 'Grade2', 'Part-time', 'Current', 2, 'Nationality2', 'Female', 'Single', 'Religion2', 'Level2', 'Citizen2', '2021-01-01', 2, 'Group2', 'EUR', 'ID002', '1995-01-01', NULL, 'Cash', '2021-04-01'),
(3, 3, 'Bob Johnson', 'Bob Johnson Foreign', 'Terminated', 'Job3', 'Manager3', 3, 'Grade3', 'Contract', 'Former', 3, 'Nationality3', 'Male', 'Married', 'Religion3', 'Level3', 'Citizen3', '2019-01-01', 3, 'Group3', 'GBP', 'ID003', '1985-01-01', '2024-01-01', 'Bank', '2019-04-01');

-- PURCHS_BILL_MST_AI_VW
INSERT INTO PURCHS_BILL_MST_AI_VW (TYP_NO, DOC_NO, DOC_SRL, DOC_DATE, MNL_DATE, CUR_CODE, CUR_RATE, STK_RATE, WRHS_CODE, UNT_NO, PYMNT_CSH, PYMNT_BNK, PYMNT_CRDT, PYMNT_AC, VNDR_CODE, VNDR_NM, AC_CODE_DTL_SUB, CSH_CODE, BNK_CODE, AC_CODE_DTL_SUB_BNK, AC_CODE, AC_CODE_DTL, AC_DTL_TYP, CSH_AMT, BNK_AMT, CRDT_AMT, AC_AMT, DOC_AMT, DSCNT_AMT, OTHR_AMT, TAX_AMT, DSCNT_AMT_ADD, CSH_AMT_LOCAL, BNK_AMT_LOCAL, CRDT_AMT_LOCAL, AC_AMT_LOCAL, DOC_AMT_LOCAL, DSCNT_AMT_LOCAL, OTHR_AMT_LOCAL, TAX_AMT_LOCAL, DSCNT_AMT_ADD_LOCAL, TOTL_BILL_AMT, TOTL_BILL_AMT_LOCAL, PMAN_CODE, DRVR_NO, SUB_LDGR1_CODE, SUB_LDGR2_CODE, SUB_LDGR3_CODE, SUB_LDGR4_CODE, SUB_LDGR5_CODE, SUB_LDGR6_CODE, TAX_CODE, DOC_DUE_DATE, DOC_DSC, REF_NO, MNL_NO, CHQ_NOTE_NO, CHQ_NOTE_DATE, TAX_CTGRY_NO, CLC_TAX_FREE_QTY_FLG, VRFY_FLG, STNDBY_FLG, PST_FLG, YR_NO, CRT_USR, CRT_DATE)
VALUES 
(1, 'PB001', 1, '2025-01-01', '2025-01-01', 'USD', 1.0, 1.0, 'WH1', 1, 100.0, 0.0, 0.0, 0.0, 'VND1', 'Vendor1', 'SUB1', 'CSH1', 'BNK1', 'SUBBNK1', 'AC1', 'DTL1', 1, 100.0, 0.0, 0.0, 0.0, 100.0, 10.0, 5.0, 15.0, 0.0, 100.0, 0.0, 0.0, 0.0, 100.0, 10.0, 5.0, 15.0, 0.0, 110.0, 110.0, 'PMAN1', 1, 'SL1', 'SL2', 'SL3', 'SL4', 'SL5', 'SL6', 'TAX1', '2025-02-01', 'Desc1', 'REF1', 'MNL1', 'CHQ1', '2025-01-15', 1, 0, 1, 0, 1, 2025, 'User1', '2025-01-01'),
(2, 'PB002', 2, '2025-02-01', '2025-02-01', 'EUR', 1.1, 1.1, 'WH2', 2, 0.0, 200.0, 0.0, 0.0, 'VND2', 'Vendor2', 'SUB2', 'CSH2', 'BNK2', 'SUBBNK2', 'AC2', 'DTL2', 2, 0.0, 200.0, 0.0, 0.0, 200.0, 20.0, 10.0, 30.0, 0.0, 0.0, 220.0, 0.0, 0.0, 220.0, 22.0, 11.0, 33.0, 0.0, 220.0, 242.0, 'PMAN2', 2, 'SL1', 'SL2', 'SL3', 'SL4', 'SL5', 'SL6', 'TAX2', '2025-03-01', 'Desc2', 'REF2', 'MNL2', 'CHQ2', '2025-02-15', 2, 1, 0, 1, 0, 2025, 'User2', '2025-02-01'),
(3, 'PB003', 3, '2025-03-01', '2025-03-01', 'GBP', 1.2, 1.2, 'WH3', 3, 0.0, 0.0, 300.0, 0.0, 'VND3', 'Vendor3', 'SUB3', 'CSH3', 'BNK3', 'SUBBNK3', 'AC3', 'DTL3', 3, 0.0, 0.0, 300.0, 0.0, 300.0, 30.0, 15.0, 45.0, 0.0, 0.0, 0.0, 360.0, 0.0, 360.0, 36.0, 18.0, 54.0, 0.0, 330.0, 396.0, 'PMAN3', 3, 'SL1', 'SL2', 'SL3', 'SL4', 'SL5', 'SL6', 'TAX3', '2025-04-01', 'Desc3', 'REF3', 'MNL3', 'CHQ3', '2025-03-15', 3, 0, 1, 0, 1, 2025, 'User3', '2025-03-01');

-- PURCHS_BILL_DTL_AI_VW
INSERT INTO PURCHS_BILL_DTL_AI_VW (DOC_NO, DOC_SRL, DOC_D_SQ, YR_NO, UNT_NO, ITM_CODE, ITM_UNT, ITM_SZ, WRHS_CODE, EXP_DATE, ITM_SGMNT_CNTCT, ITM_QTY, ITM_FREE_QTY, ITM_FREE_QTY_ADD, ITM_TOTL_FREE_QTY, ITM_MN_QTY, ITM_MN_FREE_QTY, ITM_TOTL_MN_FREE_QTY, ITM_PRICE, ITM_STK_CST, ITM_TAX_PRCNT, ITM_TAX_AMT, ITM_OTHR_CHRG_AMT, ITM_DSCNT_AMT, ITM_DSCNT_AMT_ADD, ITM_TOTL_PRICE, ITM_TOTL_DSCNT_AMT, ITM_TOTL_OTHR_CHRG_AMT, ITM_TOTL_TAX_AMT, ITM_TOTL_DSCNT_AMT_ADD, ITM_TOTL_AMT, ITM_TOTL_STK_CST, ITM_TOTL_PRICE_LOCAL, ITM_TOTL_DSCNT_AMT_LOCAL, ITM_TOTL_OTHR_AMT_LOCAL, ITM_TOTL_TAX_AMT_LOCAL, ITM_DSCNT_AMT_ADD_LOCAL, ITM_TOTL_AMT_LOCAL, SUB_LDGR1_CODE, SUB_LDGR2_CODE, SUB_LDGR3_CODE, SUB_LDGR4_CODE, SUB_LDGR5_CODE, SUB_LDGR6_CODE)
VALUES 
('PB001', 1, 1, 2025, 1, 'ITM1', 'EA', 10.0, 'WH1', '2026-01-01', 'Contact1', 10.0, 1.0, 0.0, 1.0, 10.0, 1.0, 1.0, 10.0, 8.0, 10.0, 10.0, 5.0, 2.0, 0.0, 100.0, 2.0, 5.0, 10.0, 0.0, 111.0, 80.0, 100.0, 2.0, 5.0, 10.0, 0.0, 111.0, 'SL1', 'SL2', 'SL3', 'SL4', 'SL5', 'SL6'),
('PB002', 2, 1, 2025, 2, 'ITM2', 'KG', 20.0, 'WH2', '2026-02-01', 'Contact2', 20.0, 2.0, 0.0, 2.0, 20.0, 2.0, 2.0, 20.0, 16.0, 15.0, 30.0, 10.0, 4.0, 0.0, 400.0, 4.0, 10.0, 60.0, 0.0, 462.0, 320.0, 440.0, 4.4, 11.0, 66.0, 0.0, 508.2, 'SL1', 'SL2', 'SL3', 'SL4', 'SL5', 'SL6'),
('PB003', 3, 1, 2025, 3, 'ITM3', 'L', 30.0, 'WH3', '2026-03-01', 'Contact3', 30.0, 3.0, 0.0, 3.0, 30.0, 3.0, 3.0, 30.0, 24.0, 20.0, 60.0, 15.0, 6.0, 0.0, 900.0, 6.0, 15.0, 180.0, 0.0, 1089.0, 720.0, 1080.0, 7.2, 18.0, 216.0, 0.0, 1306.8, 'SL1', 'SL2', 'SL3', 'SL4', 'SL5', 'SL6');

-- SALES_BILL_MST_AI_VW
INSERT INTO SALES_BILL_MST_AI_VW (TYP_NO, DOC_NO, DOC_SRL, DOC_DATE, MNL_DATE, CUR_CODE, CUR_RATE, STK_RATE, WRHS_CODE, UNT_NO, PYMNT_CSH, PYMNT_BNK, PYMNT_CRDT, PYMNT_CPN, PYMNT_AC, PYMNT_POINT_RPLC, PYMNT_RPLC, CSTMR_CODE, CSTMR_NM, CSTMR_MOBILE, AC_CODE_DTL_SUB_CST, CSH_CODE, BNK_CODE, AC_CODE_DTL_SUB_BNK, AC_CODE, AC_CODE_DTL, AC_DTL_TYP, AC_CODE_DTL_SUB, CSH_AMT, BNK_AMT, CRDT_AMT, CPN_AMT, AC_AMT, RPLC_AMT, POINT_AMT_RPLC, DOC_AMT, DSCNT_AMT, OTHR_AMT, TAX_AMT, DSCNT_AMT_ADD, CSH_AMT_LOCAL, BNK_AMT_LOCAL, CRDT_AMT_LOCAL, CPN_AMT_LOCAL, AC_AMT_LOCAL, RPLC_AMT_LOCAL, POINT_AMT_RPLC_LOCAL, TOTL_BILL_AMT, TOTL_BILL_AMT_LOCAL, SMAN_CODE, MRKTR_CODE, CLCTR_CODE, EMP_CODE, DRVR_NO, RGN_NO, SUB_LDGR1_CODE, SUB_LDGR2_CODE, SUB_LDGR3_CODE, SUB_LDGR4_CODE, SUB_LDGR5_CODE, SUB_LDGR6_CODE, TAX_CODE, DOC_DUE_DATE, DOC_DSC, REF_NO, MNL_NO, CHQ_NOTE_NO, CHQ_NOTE_DATE, COMM_PRCNT, TAX_CTGRY_NO, TAX_BILL_TYP, CLC_TAX_FREE_QTY_FLG, VRFY_FLG, STNDBY_FLG, PST_FLG, YR_NO, CRT_USR, CRT_DATE)
VALUES 
(1, 'SB001', 1, '2025-01-01', '2025-01-01', 'USD', 1.0, 1.0, 'WH1', 1, 150.0, 0.0, 0.0, 0.0, 0.0, 0.0, 0.0, 'CST1', 'Customer1', '1234567890', 'SUBCST1', 'CSH1', 'BNK1', 'SUBBNK1', 'AC1', 'DTL1', 1, 'SUB1', 150.0, 0.0, 0.0, 0.0, 0.0, 0.0, 0.0, 150.0, 15.0, 7.5, 22.5, 0.0, 150.0, 0.0, 0.0, 0.0, 0.0, 0.0, 0.0, 165.0, 165.0, 'SMAN1', 'MRKT1', 'CLCT1', 'EMP1', 1, 1, 'SL1', 'SL2', 'SL3', 'SL4', 'SL5', 'SL6', 'TAX1', '2025-02-01', 'Desc1', 'REF1', 'MNL1', 'CHQ1', '2025-01-15', 5.0, 1, 1, 0, 1, 0, 1, 2025, 'User1', '2025-01-01'),
(2, 'SB002', 2, '2025-02-01', '2025-02-01', 'EUR', 1.1, 1.1, 'WH2', 2, 0.0, 250.0, 0.0, 0.0, 0.0, 0.0, 0.0, 'CST2', 'Customer2', '0987654321', 'SUBCST2', 'CSH2', 'BNK2', 'SUBBNK2', 'AC2', 'DTL2', 2, 'SUB2', 0.0, 250.0, 0.0, 0.0, 0.0, 0.0, 0.0, 250.0, 25.0, 12.5, 37.5, 0.0, 0.0, 275.0, 0.0, 0.0, 0.0, 0.0, 0.0, 275.0, 302.5, 'SMAN2', 'MRKT2', 'CLCT2', 'EMP2', 2, 2, 'SL1', 'SL2', 'SL3', 'SL4', 'SL5', 'SL6', 'TAX2', '2025-03-01', 'Desc2', 'REF2', 'MNL2', 'CHQ2', '2025-02-15', 10.0, 2, 2, 1, 0, 1, 0, 2025, 'User2', '2025-02-01'),
(3, 'SB003', 3, '2025-03-01', '2025-03-01', 'GBP', 1.2, 1.2, 'WH3', 3, 0.0, 0.0, 350.0, 0.0, 0.0, 0.0, 0.0, 'CST3', 'Customer3', '1122334455', 'SUBCST3', 'CSH3', 'BNK3', 'SUBBNK3', 'AC3', 'DTL3', 3, 'SUB3', 0.0, 0.0, 350.0, 0.0, 0.0, 0.0, 0.0, 350.0, 35.0, 17.5, 52.5, 0.0, 0.0, 0.0, 420.0, 0.0, 0.0, 0.0, 0.0, 385.0, 462.0, 'SMAN3', 'MRKT3', 'CLCT3', 'EMP3', 3, 3, 'SL1', 'SL2', 'SL3', 'SL4', 'SL5', 'SL6', 'TAX3', '2025-04-01', 'Desc3', 'REF3', 'MNL3', 'CHQ3', '2025-03-15', 15.0, 3, 3, 0, 1, 0, 1, 2025, 'User3', '2025-03-01');

-- SALES_BILL_DTL_AI_VW
INSERT INTO SALES_BILL_DTL_AI_VW (DOC_NO, DOC_SRL, ITM_CODE, ITM_UNT, ITM_SZ, WRHS_CODE, EXP_DATE, ITM_SGMNT_CNTCT, ITM_QTY, ITM_FREE_QTY, ITM_FREE_QTY_ADD, ITM_TOTL_QTY, ITM_TOTL_FREE_QTY, ITM_MN_QTY, ITM_MN_FREE_QTY, ITM_MN_FREE_QTY_ADD, ITM_TOTL_MN_QTY, ITM_MN_TOTL_MN_FREE_QTY, ITM_PRICE, ITM_STK_CST, ITM_TAX_PRCNT, ITM_TAX_AMT, ITM_OTHR_CHRG_AMT, ITM_DSCNT_AMT, ITM_DSCNT_AMT_ADD, ITM_TOTL_PRICE, ITM_TOTL_DSCNT_AMT, ITM_TOTL_OTHR_CHRG_AMT, ITM_TOTL_TAX_AMT, ITM_TOTL_DSCNT_AMT_ADD, ITM_TOTL_AMT, ITM_TOTL_STK_CST, ITM_TOTL_PRICE_LOCAL, ITM_TOTL_DSCNT_AMT_LOCAL, ITM_TOTL_OTHR_AMT_LOCAL, ITM_TOTL_TAX_AMT_LOCAL, ITM_DSCNT_AMT_ADD_LOCAL, ITM_TOTL_AMT_LOCAL, SUB_LDGR1_CODE, SUB_LDGR2_CODE, SUB_LDGR3_CODE, SUB_LDGR4_CODE, SUB_LDGR5_CODE, SUB_LDGR6_CODE, EMP_CODE, SRVC_FLG, DOC_D_SQ, UNT_NO, YR_NO)
VALUES 
('SB001', 1, 'ITM1', 'EA', 10.0, 'WH1', '2026-01-01', 'Contact1', 15.0, 1.5, 0.0, 16.5, 1.5, 15.0, 1.5, 0.0, 16.5, 1.5, 15.0, 12.0, 15.0, 22.5, 7.5, 3.0, 0.0, 247.5, 3.0, 7.5, 37.125, 0.0, 289.125, 198.0, 247.5, 3.0, 7.5, 37.125, 0.0, 289.125, 'SL1', 'SL2', 'SL3', 'SL4', 'SL5', 'SL6', 'EMP1', 0, 1, 1, 2025),
('SB002', 2, 'ITM2', 'KG', 20.0, 'WH2', '2026-02-01', 'Contact2', 25.0, 2.5, 0.0, 27.5, 2.5, 25.0, 2.5, 0.0, 27.5, 2.5, 25.0, 20.0, 20.0, 50.0, 12.5, 5.0, 0.0, 687.5, 5.0, 12.5, 137.5, 0.0, 832.5, 550.0, 756.25, 5.5, 13.75, 151.25, 0.0, 915.75, 'SL1', 'SL2', 'SL3', 'SL4', 'SL5', 'SL6', 'EMP2', 1, 1, 2, 2025),
('SB003', 3, 'ITM3', 'L', 30.0, 'WH3', '2026-03-01', 'Contact3', 35.0, 3.5, 0.0, 38.5, 3.5, 35.0, 3.5, 0.0, 38.5, 3.5, 35.0, 28.0, 25.0, 87.5, 17.5, 7.0, 0.0, 1347.5, 7.0, 17.5, 337.0, 0.0, 1695.0, 1085.0, 1617.0, 8.4, 21.0, 404.4, 0.0, 2034.0, 'SL1', 'SL2', 'SL3', 'SL4', 'SL5', 'SL6', 'EMP3', 0, 1, 3, 2025);

-- SALES_RT_BILL_MST_AI_VW
INSERT INTO SALES_RT_BILL_MST_AI_VW (TYP_NO, DOC_NO, DOC_SRL, DOC_DATE, MNL_DATE, CUR_CODE, CUR_RATE, STK_RATE, WRHS_CODE, UNT_NO, PYMNT_CSH, PYMNT_BNK, PYMNT_CRDT, PYMNT_CPN, PYMNT_AC, PYMNT_POINT_RPLC, PYMNT_RPLC, CSTMR_CODE, CSTMR_NM, CSTMR_MOBILE, AC_CODE_DTL_SUB_CST, CSH_CODE, BNK_CODE, AC_CODE_DTL_SUB_BNK, AC_CODE, AC_CODE_DTL, AC_DTL_TYP, AC_CODE_DTL_SUB, CSH_AMT, BNK_AMT, CRDT_AMT, CPN_AMT, AC_AMT, RPLC_AMT, POINT_AMT_RPLC, DOC_AMT, DSCNT_AMT, OTHR_AMT, TAX_AMT, DSCNT_AMT_ADD, CSH_AMT_LOCAL, BNK_AMT_LOCAL, CRDT_AMT_LOCAL, CPN_AMT_LOCAL, AC_AMT_LOCAL, RPLC_AMT_LOCAL, POINT_AMT_RPLC_LOCAL, TOTL_BILL_AMT, TOTL_BILL_AMT_LOCAL, SMAN_CODE, MRKTR_CODE, CLCTR_CODE, EMP_CODE, DRVR_NO, RGN_NO, SUB_LDGR1_CODE, SUB_LDGR2_CODE, SUB_LDGR3_CODE, SUB_LDGR4_CODE, SUB_LDGR5_CODE, SUB_LDGR6_CODE, TAX_CODE, DOC_DUE_DATE, DOC_DSC, REF_NO, MNL_NO, CHQ_NOTE_NO, CHQ_NOTE_DATE, COMM_PRCNT, TAX_CTGRY_NO, TAX_BILL_TYP, RESON_TYP, RESON_DESC, CLC_TAX_FREE_QTY_FLG, VRFY_FLG, STNDBY_FLG, PST_FLG, YR_NO, CRT_USR, CRT_DATE)
VALUES 
(1, 'SRB001', 1, '2025-01-01', '2025-01-01', 'USD', 1.0, 1.0, 'WH1', 1, 50.0, 0.0, 0.0, 0.0, 0.0, 0.0, 0.0, 'CST1', 'Customer1', '1234567890', 'SUBCST1', 'CSH1', 'BNK1', 'SUBBNK1', 'AC1', 'DTL1', 1, 'SUB1', 50.0, 0.0, 0.0, 0.0, 0.0, 0.0, 0.0, 50.0, 5.0, 2.5, 7.5, 0.0, 50.0, 0.0, 0.0, 0.0, 0.0, 0.0, 0.0, 55.0, 55.0, 'SMAN1', 'MRKT1', 'CLCT1', 'EMP1', 1, 1, 'SL1', 'SL2', 'SL3', 'SL4', 'SL5', 'SL6', 'TAX1', '2025-02-01', 'Desc1', 'REF1', 'MNL1', 'CHQ1', '2025-01-15', 5.0, 1, 1, 1, 'Reason1', 0, 1, 0, 1, 2025, 'User1', '2025-01-01'),
(2, 'SRB002', 2, '2025-02-01', '2025-02-01', 'EUR', 1.1, 1.1, 'WH2', 2, 0.0, 100.0, 0.0, 0.0, 0.0, 0.0, 0.0, 'CST2', 'Customer2', '0987654321', 'SUBCST2', 'CSH2', 'BNK2', 'SUBBNK2', 'AC2', 'DTL2', 2, 'SUB2', 0.0, 100.0, 0.0, 0.0, 0.0, 0.0, 0.0, 100.0, 10.0, 5.0, 15.0, 0.0, 0.0, 110.0, 0.0, 0.0, 0.0, 0.0, 0.0, 110.0, 121.0, 'SMAN2', 'MRKT2', 'CLCT2', 'EMP2', 2, 2, 'SL1', 'SL2', 'SL3', 'SL4', 'SL5', 'SL6', 'TAX2', '2025-03-01', 'Desc2', 'REF2', 'MNL2', 'CHQ2', '2025-02-15', 10.0, 2, 2, 2, 'Reason2', 1, 0, 1, 0, 2025, 'User2', '2025-02-01'),
(3, 'SRB003', 3, '2025-03-01', '2025-03-01', 'GBP', 1.2, 1.2, 'WH3', 3, 0.0, 0.0, 150.0, 0.0, 0.0, 0.0, 0.0, 'CST3', 'Customer3', '1122334455', 'SUBCST3', 'CSH3', 'BNK3', 'SUBBNK3', 'AC3', 'DTL3', 3, 'SUB3', 0.0, 0.0, 150.0, 0.0, 0.0, 0.0, 0.0, 150.0, 15.0, 7.5, 22.5, 0.0, 0.0, 0.0, 180.0, 0.0, 0.0, 0.0, 0.0, 165.0, 198.0, 'SMAN3', 'MRKT3', 'CLCT3', 'EMP3', 3, 3, 'SL1', 'SL2', 'SL3', 'SL4', 'SL5', 'SL6', 'TAX3', '2025-04-01', 'Desc3', 'REF3', 'MNL3', 'CHQ3', '2025-03-15', 15.0, 3, 3, 3, 'Reason3', 0, 1, 0, 1, 2025, 'User3', '2025-03-01');

-- SALES_RT_BILL_DTL_AI_VW
INSERT INTO SALES_RT_BILL_DTL_AI_VW (DOC_NO, DOC_SRL, ITM_CODE, ITM_UNT, ITM_SZ, WRHS_CODE, EXP_DATE, ITM_SGMNT_CNTCT, ITM_QTY, ITM_FREE_QTY, ITM_FREE_QTY_ADD, ITM_TOTL_QTY, ITM_TOTL_FREE_QTY, ITM_MN_QTY, ITM_MN_FREE_QTY, ITM_MN_FREE_QTY_ADD, ITM_TOTL_MN_QTY, ITM_MN_TOTL_MN_FREE_QTY, ITM_PRICE, ITM_STK_CST, ITM_TAX_PRCNT, ITM_TAX_AMT, ITM_OTHR_CHRG_AMT, ITM_DSCNT_AMT, ITM_DSCNT_AMT_ADD, ITM_TOTL_PRICE, ITM_TOTL_DSCNT_AMT, ITM_TOTL_OTHR_CHRG_AMT, ITM_TOTL_TAX_AMT, ITM_TOTL_DSCNT_AMT_ADD, ITM_TOTL_AMT, ITM_TOTL_STK_CST, ITM_TOTL_PRICE_LOCAL, ITM_TOTL_DSCNT_AMT_LOCAL, ITM_TOTL_OTHR_AMT_LOCAL, ITM_TOTL_TAX_AMT_LOCAL, ITM_DSCNT_AMT_ADD_LOCAL, ITM_TOTL_AMT_LOCAL, SUB_LDGR1_CODE, SUB_LDGR2_CODE, SUB_LDGR3_CODE, SUB_LDGR4_CODE, SUB_LDGR5_CODE, SUB_LDGR6_CODE, DOC_NO_REF_BILL, DOC_SRL_REF_BILL, EMP_CODE, SRVC_FLG, DOC_D_SQ, UNT_NO, YR_NO)
VALUES 
('SRB001', 1, 'ITM1', 'EA', 10.0, 'WH1', '2026-01-01', 'Contact1', 5.0, 0.5, 0.0, 5.5, 0.5, 5.0, 0.5, 0.0, 5.5, 0.5, 15.0, 12.0, 15.0, 7.5, 2.5, 1.0, 0.0, 82.5, 1.0, 2.5, 12.375, 0.0, 96.375, 66.0, 82.5, 1.0, 2.5, 12.375, 0.0, 96.375, 'SL1', 'SL2', 'SL3', 'SL4', 'SL5', 'SL6', 'SB001', 1, 'EMP1', 0, 1, 1, 2025),
('SRB002', 2, 'ITM2', 'KG', 20.0, 'WH2', '2026-02-01', 'Contact2', 10.0, 1.0, 0.0, 11.0, 1.0, 10.0, 1.0, 0.0, 11.0, 1.0, 25.0, 20.0, 20.0, 20.0, 5.0, 2.0, 0.0, 275.0, 2.0, 5.0, 55.0, 0.0, 333.0, 220.0, 302.5, 2.2, 5.5, 60.5, 0.0, 366.3, 'SL1', 'SL2', 'SL3', 'SL4', 'SL5', 'SL6', 'SB002', 2, 'EMP2', 1, 1, 2, 2025),
('SRB003', 3, 'ITM3', 'L', 30.0, 'WH3', '2026-03-01', 'Contact3', 15.0, 1.5, 0.0, 16.5, 1.5, 15.0, 1.5, 0.0, 16.5, 1.5, 35.0, 28.0, 25.0, 37.5, 7.5, 3.0, 0.0, 577.5, 3.0, 7.5, 144.0, 0.0, 723.0, 462.0, 693.0, 3.6, 9.0, 173.25, 0.0, 867.65, 'SL1', 'SL2', 'SL3', 'SL4', 'SL5', 'SL6', 'SB003', 3, 'EMP3', 0, 1, 3, 2025);

-- MRP_WORK_ORDER_AI_VW
INSERT INTO MRP_WORK_ORDER_AI_VW (WORK_ORDER_NO, WORK_ORDER_DATE, WORK_ORDER_SOURCE, ITEM_CODE, ITEM_CLASS, WORK_ORDER_QTY, PRODUCT_QTY, SCRAP_QTY, DELIVER_QTY, STANDARD_TIME, ACTUAL_TIME, BREAKDOWN_TIME, MATERIAL_STANDARD_COST, MATERIAL_ACTUAL_COST, MACHINE_STANDARD_COST, MACHINE_ACTUAL_COST, LABOR_STANDARD_COST, LABOR_ACTUAL_COST, INDIRECT_STANDARD_COST, INDIRECT_ACTUAL_COST, TOTAL_STANDARD_COST, TOTAL_ACTUAL_COST, UNIT_STANDARD_COST, UNIT_ACTUAL_COST, WORK_ORDER_STATUS)
VALUES 
('WO001', '2025-01-01', 0, 'ITM1', 1, 100.0, 90.0, 10.0, 90.0, 10.0, 12.0, 2.0, 500.0, 550.0, 200.0, 220.0, 300.0, 330.0, 100.0, 110.0, 1100.0, 1210.0, 11.0, 12.1, 3),
('WO002', '2025-02-01', 1, 'ITM2', 2, 200.0, 180.0, 20.0, 180.0, 20.0, 24.0, 4.0, 1000.0, 1100.0, 400.0, 440.0, 600.0, 660.0, 200.0, 220.0, 2200.0, 2420.0, 11.0, 12.1, 1),
('WO003', '2025-03-01', 2, 'ITM3', 4, 300.0, 270.0, 30.0, 270.0, 30.0, 36.0, 6.0, 1500.0, 1650.0, 600.0, 660.0, 900.0, 990.0, 300.0, 330.0, 3300.0, 3630.0, 11.0, 12.1, 4);

INSERT INTO INV_V_ITM_MOVMNT_AI (ITEM_CODE, ITEM_NAME, ITEM_FOREIGN_NAME, ITEM_DESCRIPTION, ITEM_FOREIGN_DESCRIPTION, ITEM_UNIT, MAXIMUM_ITEM_UNIT, MAXIMUM_PARENT_SIZE, ITEMS_GROUP_CLASS_CODE, ITEM_GROUP_CLASS_NAME, ITEM_ACTIVITY_NUMBER, ITEM_ACTIVITY_NAME, MAIN_GROUP_CODE, MAIN_GROUP_CODE_NAME, SUBGROUP_CODE, SUBGROUP_CODE_NAME, UNDER_SUBGROUP_CODE, UNDER_SUBGROUP_CODE_NAME, ASISTANT_GROUP_CODE, ASISTANT_GROUP_NAME, DETAIL_GROUP_CODE, DETAIL_GROUP_CODE_NAME, ALTRNATIVE_GROUP_CODE, ALTRNATIVE_GROUP_NAME, ITEM_CATEGORY_NUMBER, ITEM_CATEGORY_NAME, KIT_ITEM, USE_EXPIRE_DATE, USING_BATCH_NUMBER, USING_SERIAL_NUMBER, USING_ITEM_ATTACHMENT, ITEM_PACKAGE_SIZE, ITEM_SIZE, ITEM_AREA, ITEM_WEIGHT, GLOBAL_TRAD_ITEM_NUMBER_CODE, HARMONIZED_SYSTEM_NOMENCLATURE, MANUFACTURE_CODE, ALTERBATIVE_CODE, MATERIAL_REQUIREMENT_PLANING, DOCUMENT_TYPE, DOCUMENT_TYPE_NAME, PAYMENT_METHOD, PAYMENT_METHOD_NAME, DOCUMENT_SUBTYPE, DOCUMENT_SUBTYPE_NAME, WAREHOUSE_CODE, WAREHOUSE_NAME, WAREHOUSE_GROUP_CODE, WAREHOUSE_GROUP_NAME, DOCUMENT_DATE, FINANCE_PERIOD_NUMBER, FINANCE_PERIOD_NAME, INCOMING_OUTGOING, INCOMING_OUTGOING_NAME, ITEM_QUANTITY, NET_SALES_QUANTITY, INCOMING_QUANTITY, OUTGOING_QUANTITY, FREE_INCOMING_QUANTITY, FREE_OUTGOING_QUANTITY, NET_INCOMING_QUANTITY, NET_OUTGOING_QUANTITY, AVAILABLE_QUANTITY, STOCK_COST, VALUE_ADDED_TAX_AMOUNT, DISCOUNT_AMOUNT, OTHER_AMOUNT, OTHER_VALUE_ADDED_TAX_AMOUNT, DISCOUNT_AMOUNT_DETAIL, DISCOUNT_AMOUNT_DETAIL_VAT, DISCOUNT_AMOUNT_DETAIL_2, DISCOUNT_AMOUNT_DETAIL_2_VAT, DISCOUNT_AMOUNT_DETAIL_3, DISCOUNT_AMOUNT_DETAIL_3_VAT, ITEM_COST_WAREHOUSE_AVERAGE, LENGTH_FROM_INITIAL, WIDTH_FROM_INITIAL, HEIGHT_FROM_INITIAL, ACCOUNT_DETAIL_TYPE, CUSTOMER_CODE, CUSTOMER_NAME, VENDOR_CODE, VENDOR_NAME, COST_CENTER_CODE, COST_CENTER_NAME, PROJECT_NUMBER, PROJECT_NAME, ACTIVITY_NUMBER, ACTIVITY_NAME, EXPIRE_DATE, BATCH_NUMBER, COMPANY_NUMBER, COMPANY_NAME, BRANCH_NUMBER, BRANCH_NAME, BRANCH_YEAR, BRANCH_USER_, COUNTRY_NUMBER, COUNTRY_NAME, PROVINCE_NUMBER, PROVINCE_NAME, CITY_NUMBER, CITY_NAME, REGION_CODE, REGION_CODE_NAME, INCOMING_DATE, LENGTH_FROM_TRANSACTION, WIDTH_FROM_TRANSACTION, HEIGHT_FROM_TRANSACTION, SEASONAL_ITEM, OBJECT_REUSE_EXCHANGE_ITEM, BRAND, MANUFACTURE_COMPANY, MANUFACTURE_COUNTRY) VALUES ('ITEM001', 'Widget A', 'Widget A Foreign', 'Description A', 'Foreign Desc A', 'EA', 100.0, 50.0, 'GROUP1', 'Group One', 1, 'Activity1', 'MAIN1', 'Main Group1', 'SUB1', 'Sub Group1', 'UNDER1', 'Under Sub1', 'ASST1', 'Assistant1', 'DETAIL1', 'Detail1', 'ALT1', 'Alternative1', 1, 'Category1', 0, 1, 1, 1, 1, 10.0, 5.0, 2.0, 1.5, 'GTIN001', 'HSN001', 'MAN001', 'ALT001', 1, 'DOC1', 'Document1', 'PAY1', 'Payment1', 'SUBDOC1', 'Subdoc1', 'WH1', 'Warehouse1', 'WHG1', 'WH Group1', '2024-01-01', 1, 'Period1', 0, 'Outgoing', 38.726, 40.0, 0, 38.726, 5.0, 2.0, 55.0, 8.0, 61.274, 500.0, 50.0, 20.0, 10.0, 5.0, 15.0, 1.5, 10.0, 1.0, 5.0, 0.5, 10.0, 10.0, 5.0, 2.0, 0, 'CUST001', 'Customer1', 'VEND001', 'Vendor1', 'CC001', 'Cost Center1', 1, 'Project1', 1, 'Activity1', '2026-01-01', 'BATCH001', 1, 'Company1', 1, 'Branch1', 2025, 'User1', 1, 'Country1', 1, 'Province1', 1, 'City1', 'REG1', 'Region1', '2024-01-01', 11.0, 6.0, 3.0, 1, 0, 'Brand1', 'ManuComp1', 'ManuCountry1');
INSERT INTO INV_V_ITM_MOVMNT_AI (ITEM_CODE, ITEM_NAME, ITEM_FOREIGN_NAME, ITEM_DESCRIPTION, ITEM_FOREIGN_DESCRIPTION, ITEM_UNIT, MAXIMUM_ITEM_UNIT, MAXIMUM_PARENT_SIZE, ITEMS_GROUP_CLASS_CODE, ITEM_GROUP_CLASS_NAME, ITEM_ACTIVITY_NUMBER, ITEM_ACTIVITY_NAME, MAIN_GROUP_CODE, MAIN_GROUP_CODE_NAME, SUBGROUP_CODE, SUBGROUP_CODE_NAME, UNDER_SUBGROUP_CODE, UNDER_SUBGROUP_CODE_NAME, ASISTANT_GROUP_CODE, ASISTANT_GROUP_NAME, DETAIL_GROUP_CODE, DETAIL_GROUP_CODE_NAME, ALTRNATIVE_GROUP_CODE, ALTRNATIVE_GROUP_NAME, ITEM_CATEGORY_NUMBER, ITEM_CATEGORY_NAME, KIT_ITEM, USE_EXPIRE_DATE, USING_BATCH_NUMBER, USING_SERIAL_NUMBER, USING_ITEM_ATTACHMENT, ITEM_PACKAGE_SIZE, ITEM_SIZE, ITEM_AREA, ITEM_WEIGHT, GLOBAL_TRAD_ITEM_NUMBER_CODE, HARMONIZED_SYSTEM_NOMENCLATURE, MANUFACTURE_CODE, ALTERBATIVE_CODE, MATERIAL_REQUIREMENT_PLANING, DOCUMENT_TYPE, DOCUMENT_TYPE_NAME, PAYMENT_METHOD, PAYMENT_METHOD_NAME, DOCUMENT_SUBTYPE, DOCUMENT_SUBTYPE_NAME, WAREHOUSE_CODE, WAREHOUSE_NAME, WAREHOUSE_GROUP_CODE, WAREHOUSE_GROUP_NAME, DOCUMENT_DATE, FINANCE_PERIOD_NUMBER, FINANCE_PERIOD_NAME, INCOMING_OUTGOING, INCOMING_OUTGOING_NAME, ITEM_QUANTITY, NET_SALES_QUANTITY, INCOMING_QUANTITY, OUTGOING_QUANTITY, FREE_INCOMING_QUANTITY, FREE_OUTGOING_QUANTITY, NET_INCOMING_QUANTITY, NET_OUTGOING_QUANTITY, AVAILABLE_QUANTITY, STOCK_COST, VALUE_ADDED_TAX_AMOUNT, DISCOUNT_AMOUNT, OTHER_AMOUNT, OTHER_VALUE_ADDED_TAX_AMOUNT, DISCOUNT_AMOUNT_DETAIL, DISCOUNT_AMOUNT_DETAIL_VAT, DISCOUNT_AMOUNT_DETAIL_2, DISCOUNT_AMOUNT_DETAIL_2_VAT, DISCOUNT_AMOUNT_DETAIL_3, DISCOUNT_AMOUNT_DETAIL_3_VAT, ITEM_COST_WAREHOUSE_AVERAGE, LENGTH_FROM_INITIAL, WIDTH_FROM_INITIAL, HEIGHT_FROM_INITIAL, ACCOUNT_DETAIL_TYPE, CUSTOMER_CODE, CUSTOMER_NAME, VENDOR_CODE, VENDOR_NAME, COST_CENTER_CODE, COST_CENTER_NAME, PROJECT_NUMBER, PROJECT_NAME, ACTIVITY_NUMBER, ACTIVITY_NAME, EXPIRE_DATE, BATCH_NUMBER, COMPANY_NUMBER, COMPANY_NAME, BRANCH_NUMBER, BRANCH_NAME, BRANCH_YEAR, BRANCH_USER_, COUNTRY_NUMBER, COUNTRY_NAME, PROVINCE_NUMBER, PROVINCE_NAME, CITY_NUMBER, CITY_NAME, REGION_CODE, REGION_CODE_NAME, INCOMING_DATE, LENGTH_FROM_TRANSACTION, WIDTH_FROM_TRANSACTION, HEIGHT_FROM_TRANSACTION, SEASONAL_ITEM, OBJECT_REUSE_EXCHANGE_ITEM, BRAND, MANUFACTURE_COMPANY, MANUFACTURE_COUNTRY) VALUES ('ITEM001', 'Widget A', 'Widget A Foreign', 'Description A', 'Foreign Desc A', 'EA', 100.0, 50.0, 'GROUP1', 'Group One', 1, 'Activity1', 'MAIN1', 'Main Group1', 'SUB1', 'Sub Group1', 'UNDER1', 'Under Sub1', 'ASST1', 'Assistant1', 'DETAIL1', 'Detail1', 'ALT1', 'Alternative1', 1, 'Category1', 0, 1, 1, 1, 1, 10.0, 5.0, 2.0, 1.5, 'GTIN001', 'HSN001', 'MAN001', 'ALT001', 1, 'DOC1', 'Document1', 'PAY1', 'Payment1', 'SUBDOC1', 'Subdoc1', 'WH1', 'Warehouse1', 'WHG1', 'WH Group1', '2024-01-02', 1, 'Period1', 0, 'Outgoing', 11.549, 40.0, 0, 11.549, 5.0, 2.0, 55.0, 8.0, 88.451, 500.0, 50.0, 20.0, 10.0, 5.0, 15.0, 1.5, 10.0, 1.0, 5.0, 0.5, 10.0, 10.0, 5.0, 2.0, 0, 'CUST001', 'Customer1', 'VEND001', 'Vendor1', 'CC001', 'Cost Center1', 1, 'Project1', 1, 'Activity1', '2026-01-01', 'BATCH001', 1, 'Company1', 1, 'Branch1', 2025, 'User1', 1, 'Country1', 1, 'Province1', 1, 'City1', 'REG1', 'Region1', '2024-01-02', 11.0, 6.0, 3.0, 1, 0, 'Brand1', 'ManuComp1', 'ManuCountry1');
INSERT INTO INV_V_ITM_MOVMNT_AI (ITEM_CODE, ITEM_NAME, ITEM_FOREIGN_NAME, ITEM_DESCRIPTION, ITEM_FOREIGN_DESCRIPTION, ITEM_UNIT, MAXIMUM_ITEM_UNIT, MAXIMUM_PARENT_SIZE, ITEMS_GROUP_CLASS_CODE, ITEM_GROUP_CLASS_NAME, ITEM_ACTIVITY_NUMBER, ITEM_ACTIVITY_NAME, MAIN_GROUP_CODE, MAIN_GROUP_CODE_NAME, SUBGROUP_CODE, SUBGROUP_CODE_NAME, UNDER_SUBGROUP_CODE, UNDER_SUBGROUP_CODE_NAME, ASISTANT_GROUP_CODE, ASISTANT_GROUP_NAME, DETAIL_GROUP_CODE, DETAIL_GROUP_CODE_NAME, ALTRNATIVE_GROUP_CODE, ALTRNATIVE_GROUP_NAME, ITEM_CATEGORY_NUMBER, ITEM_CATEGORY_NAME, KIT_ITEM, USE_EXPIRE_DATE, USING_BATCH_NUMBER, USING_SERIAL_NUMBER, USING_ITEM_ATTACHMENT, ITEM_PACKAGE_SIZE, ITEM_SIZE, ITEM_AREA, ITEM_WEIGHT, GLOBAL_TRAD_ITEM_NUMBER_CODE, HARMONIZED_SYSTEM_NOMENCLATURE, MANUFACTURE_CODE, ALTERBATIVE_CODE, MATERIAL_REQUIREMENT_PLANING, DOCUMENT_TYPE, DOCUMENT_TYPE_NAME, PAYMENT_METHOD, PAYMENT_METHOD_NAME, DOCUMENT_SUBTYPE, DOCUMENT_SUBTYPE_NAME, WAREHOUSE_CODE, WAREHOUSE_NAME, WAREHOUSE_GROUP_CODE, WAREHOUSE_GROUP_NAME, DOCUMENT_DATE, FINANCE_PERIOD_NUMBER, FINANCE_PERIOD_NAME, INCOMING_OUTGOING, INCOMING_OUTGOING_NAME, ITEM_QUANTITY, NET_SALES_QUANTITY, INCOMING_QUANTITY, OUTGOING_QUANTITY, FREE_INCOMING_QUANTITY, FREE_OUTGOING_QUANTITY, NET_INCOMING_QUANTITY, NET_OUTGOING_QUANTITY, AVAILABLE_QUANTITY, STOCK_COST, VALUE_ADDED_TAX_AMOUNT, DISCOUNT_AMOUNT, OTHER_AMOUNT, OTHER_VALUE_ADDED_TAX_AMOUNT, DISCOUNT_AMOUNT_DETAIL, DISCOUNT_AMOUNT_DETAIL_VAT, DISCOUNT_AMOUNT_DETAIL_2, DISCOUNT_AMOUNT_DETAIL_2_VAT, DISCOUNT_AMOUNT_DETAIL_3, DISCOUNT_AMOUNT_DETAIL_3_VAT, ITEM_COST_WAREHOUSE_AVERAGE, LENGTH_FROM_INITIAL, WIDTH_FROM_INITIAL, HEIGHT_FROM_INITIAL, ACCOUNT_DETAIL_TYPE, CUSTOMER_CODE, CUSTOMER_NAME, VENDOR_CODE, VENDOR_NAME, COST_CENTER_CODE, COST_CENTER_NAME, PROJECT_NUMBER, PROJECT_NAME, ACTIVITY_NUMBER, ACTIVITY_NAME, EXPIRE_DATE, BATCH_NUMBER, COMPANY_NUMBER, COMPANY_NAME, BRANCH_NUMBER, BRANCH_NAME, BRANCH_YEAR, BRANCH_USER_, COUNTRY_NUMBER, COUNTRY_NAME, PROVINCE_NUMBER, PROVINCE_NAME, CITY_NUMBER, CITY_NAME, REGION_CODE, REGION_CODE_NAME, INCOMING_DATE, LENGTH_FROM_TRANSACTION, WIDTH_FROM_TRANSACTION, HEIGHT_FROM_TRANSACTION, SEASONAL_ITEM, OBJECT_REUSE_EXCHANGE_ITEM, BRAND, MANUFACTURE_COMPANY, MANUFACTURE_COUNTRY) VALUES ('ITEM001', 'Widget A', 'Widget A Foreign', 'Description A', 'Foreign Desc A', 'EA', 100.0, 50.0, 'GROUP1', 'Group One', 1, 'Activity1', 'MAIN1', 'Main Group1', 'SUB1', 'Sub Group1', 'UNDER1', 'Under Sub1', 'ASST1', 'Assistant1', 'DETAIL1', 'Detail1', 'ALT1', 'Alternative1', 1, 'Category1', 0, 1, 1, 1, 1, 10.0, 5.0, 2.0, 1.5, 'GTIN001', 'HSN001', 'MAN001', 'ALT001', 1, 'DOC1', 'Document1', 'PAY1', 'Payment1', 'SUBDOC1', 'Subdoc1', 'WH1', 'Warehouse1', 'WHG1', 'WH Group1', '2024-01-03', 1, 'Period1', 0, 'Outgoing', 47.818, 40.0, 0, 47.818, 5.0, 2.0, 55.0, 8.0, 52.182, 500.0, 50.0, 20.0, 10.0, 5.0, 15.0, 1.5, 10.0, 1.0, 5.0, 0.5, 10.0, 10.0, 5.0, 2.0, 0, 'CUST001', 'Customer1', 'VEND001', 'Vendor1', 'CC001', 'Cost Center1', 1, 'Project1', 1, 'Activity1', '2026-01-01', 'BATCH001', 1, 'Company1', 1, 'Branch1', 2025, 'User1', 1, 'Country1', 1, 'Province1', 1, 'City1', 'REG1', 'Region1', '2024-01-03', 11.0, 6.0, 3.0, 1, 0, 'Brand1', 'ManuComp1', 'ManuCountry1');
INSERT INTO INV_V_ITM_MOVMNT_AI (ITEM_CODE, ITEM_NAME, ITEM_FOREIGN_NAME, ITEM_DESCRIPTION, ITEM_FOREIGN_DESCRIPTION, ITEM_UNIT, MAXIMUM_ITEM_UNIT, MAXIMUM_PARENT_SIZE, ITEMS_GROUP_CLASS_CODE, ITEM_GROUP_CLASS_NAME, ITEM_ACTIVITY_NUMBER, ITEM_ACTIVITY_NAME, MAIN_GROUP_CODE, MAIN_GROUP_CODE_NAME, SUBGROUP_CODE, SUBGROUP_CODE_NAME, UNDER_SUBGROUP_CODE, UNDER_SUBGROUP_CODE_NAME, ASISTANT_GROUP_CODE, ASISTANT_GROUP_NAME, DETAIL_GROUP_CODE, DETAIL_GROUP_CODE_NAME, ALTRNATIVE_GROUP_CODE, ALTRNATIVE_GROUP_NAME, ITEM_CATEGORY_NUMBER, ITEM_CATEGORY_NAME, KIT_ITEM, USE_EXPIRE_DATE, USING_BATCH_NUMBER, USING_SERIAL_NUMBER, USING_ITEM_ATTACHMENT, ITEM_PACKAGE_SIZE, ITEM_SIZE, ITEM_AREA, ITEM_WEIGHT, GLOBAL_TRAD_ITEM_NUMBER_CODE, HARMONIZED_SYSTEM_NOMENCLATURE, MANUFACTURE_CODE, ALTERBATIVE_CODE, MATERIAL_REQUIREMENT_PLANING, DOCUMENT_TYPE, DOCUMENT_TYPE_NAME, PAYMENT_METHOD, PAYMENT_METHOD_NAME, DOCUMENT_SUBTYPE, DOCUMENT_SUBTYPE_NAME, WAREHOUSE_CODE, WAREHOUSE_NAME, WAREHOUSE_GROUP_CODE, WAREHOUSE_GROUP_NAME, DOCUMENT_DATE, FINANCE_PERIOD_NUMBER, FINANCE_PERIOD_NAME, INCOMING_OUTGOING, INCOMING_OUTGOING_NAME, ITEM_QUANTITY, NET_SALES_QUANTITY, INCOMING_QUANTITY, OUTGOING_QUANTITY, FREE_INCOMING_QUANTITY, FREE_OUTGOING_QUANTITY, NET_INCOMING_QUANTITY, NET_OUTGOING_QUANTITY, AVAILABLE_QUANTITY, STOCK_COST, VALUE_ADDED_TAX_AMOUNT, DISCOUNT_AMOUNT, OTHER_AMOUNT, OTHER_VALUE_ADDED_TAX_AMOUNT, DISCOUNT_AMOUNT_DETAIL, DISCOUNT_AMOUNT_DETAIL_VAT, DISCOUNT_AMOUNT_DETAIL_2, DISCOUNT_AMOUNT_DETAIL_2_VAT, DISCOUNT_AMOUNT_DETAIL_3, DISCOUNT_AMOUNT_DETAIL_3_VAT, ITEM_COST_WAREHOUSE_AVERAGE, LENGTH_FROM_INITIAL, WIDTH_FROM_INITIAL, HEIGHT_FROM_INITIAL, ACCOUNT_DETAIL_TYPE, CUSTOMER_CODE, CUSTOMER_NAME, VENDOR_CODE, VENDOR_NAME, COST_CENTER_CODE, COST_CENTER_NAME, PROJECT_NUMBER, PROJECT_NAME, ACTIVITY_NUMBER, ACTIVITY_NAME, EXPIRE_DATE, BATCH_NUMBER, COMPANY_NUMBER, COMPANY_NAME, BRANCH_NUMBER, BRANCH_NAME, BRANCH_YEAR, BRANCH_USER_, COUNTRY_NUMBER, COUNTRY_NAME, PROVINCE_NUMBER, PROVINCE_NAME, CITY_NUMBER, CITY_NAME, REGION_CODE, REGION_CODE_NAME, INCOMING_DATE, LENGTH_FROM_TRANSACTION, WIDTH_FROM_TRANSACTION, HEIGHT_FROM_TRANSACTION, SEASONAL_ITEM, OBJECT_REUSE_EXCHANGE_ITEM, BRAND, MANUFACTURE_COMPANY, MANUFACTURE_COUNTRY) VALUES ('ITEM001', 'Widget A', 'Widget A Foreign', 'Description A', 'Foreign Desc A', 'EA', 100.0, 50.0, 'GROUP1', 'Group One', 1, 'Activity1', 'MAIN1', 'Main Group1', 'SUB1', 'Sub Group1', 'UNDER1', 'Under Sub1', 'ASST1', 'Assistant1', 'DETAIL1', 'Detail1', 'ALT1', 'Alternative1', 1, 'Category1', 0, 1, 1, 1, 1, 10.0, 5.0, 2.0, 1.5, 'GTIN001', 'HSN001', 'MAN001', 'ALT001', 1, 'DOC1', 'Document1', 'PAY1', 'Payment1', 'SUBDOC1', 'Subdoc1', 'WH1', 'Warehouse1', 'WHG1', 'WH Group1', '2024-01-04', 1, 'Period1', 0, 'Outgoing', 48.702, 40.0, 0, 48.702, 5.0, 2.0, 55.0, 8.0, 51.298, 500.0, 50.0, 20.0, 10.0, 5.0, 15.0, 1.5, 10.0, 1.0, 5.0, 0.5, 10.0, 10.0, 5.0, 2.0, 0, 'CUST001', 'Customer1', 'VEND001', 'Vendor1', 'CC001', 'Cost Center1', 1, 'Project1', 1, 'Activity1', '2026-01-01', 'BATCH001', 1, 'Company1', 1, 'Branch1', 2025, 'User1', 1, 'Country1', 1, 'Province1', 1, 'City1', 'REG1', 'Region1', '2024-01-04', 11.0, 6.0, 3.0, 1, 0, 'Brand1', 'ManuComp1', 'ManuCountry1');
INSERT INTO INV_V_ITM_MOVMNT_AI (ITEM_CODE, ITEM_NAME, ITEM_FOREIGN_NAME, ITEM_DESCRIPTION, ITEM_FOREIGN_DESCRIPTION, ITEM_UNIT, MAXIMUM_ITEM_UNIT, MAXIMUM_PARENT_SIZE, ITEMS_GROUP_CLASS_CODE, ITEM_GROUP_CLASS_NAME, ITEM_ACTIVITY_NUMBER, ITEM_ACTIVITY_NAME, MAIN_GROUP_CODE, MAIN_GROUP_CODE_NAME, SUBGROUP_CODE, SUBGROUP_CODE_NAME, UNDER_SUBGROUP_CODE, UNDER_SUBGROUP_CODE_NAME, ASISTANT_GROUP_CODE, ASISTANT_GROUP_NAME, DETAIL_GROUP_CODE, DETAIL_GROUP_CODE_NAME, ALTRNATIVE_GROUP_CODE, ALTRNATIVE_GROUP_NAME, ITEM_CATEGORY_NUMBER, ITEM_CATEGORY_NAME, KIT_ITEM, USE_EXPIRE_DATE, USING_BATCH_NUMBER, USING_SERIAL_NUMBER, USING_ITEM_ATTACHMENT, ITEM_PACKAGE_SIZE, ITEM_SIZE, ITEM_AREA, ITEM_WEIGHT, GLOBAL_TRAD_ITEM_NUMBER_CODE, HARMONIZED_SYSTEM_NOMENCLATURE, MANUFACTURE_CODE, ALTERBATIVE_CODE, MATERIAL_REQUIREMENT_PLANING, DOCUMENT_TYPE, DOCUMENT_TYPE_NAME, PAYMENT_METHOD, PAYMENT_METHOD_NAME, DOCUMENT_SUBTYPE, DOCUMENT_SUBTYPE_NAME, WAREHOUSE_CODE, WAREHOUSE_NAME, WAREHOUSE_GROUP_CODE, WAREHOUSE_GROUP_NAME, DOCUMENT_DATE, FINANCE_PERIOD_NUMBER, FINANCE_PERIOD_NAME, INCOMING_OUTGOING, INCOMING_OUTGOING_NAME, ITEM_QUANTITY, NET_SALES_QUANTITY, INCOMING_QUANTITY, OUTGOING_QUANTITY, FREE_INCOMING_QUANTITY, FREE_OUTGOING_QUANTITY, NET_INCOMING_QUANTITY, NET_OUTGOING_QUANTITY, AVAILABLE_QUANTITY, STOCK_COST, VALUE_ADDED_TAX_AMOUNT, DISCOUNT_AMOUNT, OTHER_AMOUNT, OTHER_VALUE_ADDED_TAX_AMOUNT, DISCOUNT_AMOUNT_DETAIL, DISCOUNT_AMOUNT_DETAIL_VAT, DISCOUNT_AMOUNT_DETAIL_2, DISCOUNT_AMOUNT_DETAIL_2_VAT, DISCOUNT_AMOUNT_DETAIL_3, DISCOUNT_AMOUNT_DETAIL_3_VAT, ITEM_COST_WAREHOUSE_AVERAGE, LENGTH_FROM_INITIAL, WIDTH_FROM_INITIAL, HEIGHT_FROM_INITIAL, ACCOUNT_DETAIL_TYPE, CUSTOMER_CODE, CUSTOMER_NAME, VENDOR_CODE, VENDOR_NAME, COST_CENTER_CODE, COST_CENTER_NAME, PROJECT_NUMBER, PROJECT_NAME, ACTIVITY_NUMBER, ACTIVITY_NAME, EXPIRE_DATE, BATCH_NUMBER, COMPANY_NUMBER, COMPANY_NAME, BRANCH_NUMBER, BRANCH_NAME, BRANCH_YEAR, BRANCH_USER_, COUNTRY_NUMBER, COUNTRY_NAME, PROVINCE_NUMBER, PROVINCE_NAME, CITY_NUMBER, CITY_NAME, REGION_CODE, REGION_CODE_NAME, INCOMING_DATE, LENGTH_FROM_TRANSACTION, WIDTH_FROM_TRANSACTION, HEIGHT_FROM_TRANSACTION, SEASONAL_ITEM, OBJECT_REUSE_EXCHANGE_ITEM, BRAND, MANUFACTURE_COMPANY, MANUFACTURE_COUNTRY) VALUES ('ITEM001', 'Widget A', 'Widget A Foreign', 'Description A', 'Foreign Desc A', 'EA', 100.0, 50.0, 'GROUP1', 'Group One', 1, 'Activity1', 'MAIN1', 'Main Group1', 'SUB1', 'Sub Group1', 'UNDER1', 'Under Sub1', 'ASST1', 'Assistant1', 'DETAIL1', 'Detail1', 'ALT1', 'Alternative1', 1, 'Category1', 0, 1, 1, 1, 1, 10.0, 5.0, 2.0, 1.5, 'GTIN001', 'HSN001', 'MAN001', 'ALT001', 1, 'DOC1', 'Document1', 'PAY1', 'Payment1', 'SUBDOC1', 'Subdoc1', 'WH1', 'Warehouse1', 'WHG1', 'WH Group1', '2024-01-05', 1, 'Period1', 0, 'Outgoing', 10.761, 40.0, 0, 10.761, 5.0, 2.0, 55.0, 8.0, 89.239, 500.0, 50.0, 20.0, 10.0, 5.0, 15.0, 1.5, 10.0, 1.0, 5.0, 0.5, 10.0, 10.0, 5.0, 2.0, 0, 'CUST001', 'Customer1', 'VEND001', 'Vendor1', 'CC001', 'Cost Center1', 1, 'Project1', 1, 'Activity1', '2026-01-01', 'BATCH001', 1, 'Company1', 1, 'Branch1', 2025, 'User1', 1, 'Country1', 1, 'Province1', 1, 'City1', 'REG1', 'Region1', '2024-01-05', 11.0, 6.0, 3.0, 1, 0, 'Brand1', 'ManuComp1', 'ManuCountry1');

INSERT INTO INV_V_ITM_MOVMNT_AI (ITEM_CODE, ITEM_NAME, ITEM_FOREIGN_NAME, ITEM_DESCRIPTION, ITEM_FOREIGN_DESCRIPTION, ITEM_UNIT, MAXIMUM_ITEM_UNIT, MAXIMUM_PARENT_SIZE, ITEMS_GROUP_CLASS_CODE, ITEM_GROUP_CLASS_NAME, ITEM_ACTIVITY_NUMBER, ITEM_ACTIVITY_NAME, MAIN_GROUP_CODE, MAIN_GROUP_CODE_NAME, SUBGROUP_CODE, SUBGROUP_CODE_NAME, UNDER_SUBGROUP_CODE, UNDER_SUBGROUP_CODE_NAME, ASISTANT_GROUP_CODE, ASISTANT_GROUP_NAME, DETAIL_GROUP_CODE, DETAIL_GROUP_CODE_NAME, ALTRNATIVE_GROUP_CODE, ALTRNATIVE_GROUP_NAME, ITEM_CATEGORY_NUMBER, ITEM_CATEGORY_NAME, KIT_ITEM, USE_EXPIRE_DATE, USING_BATCH_NUMBER, USING_SERIAL_NUMBER, USING_ITEM_ATTACHMENT, ITEM_PACKAGE_SIZE, ITEM_SIZE, ITEM_AREA, ITEM_WEIGHT, GLOBAL_TRAD_ITEM_NUMBER_CODE, HARMONIZED_SYSTEM_NOMENCLATURE, MANUFACTURE_CODE, ALTERBATIVE_CODE, MATERIAL_REQUIREMENT_PLANING, DOCUMENT_TYPE, DOCUMENT_TYPE_NAME, PAYMENT_METHOD, PAYMENT_METHOD_NAME, DOCUMENT_SUBTYPE, DOCUMENT_SUBTYPE_NAME, WAREHOUSE_CODE, WAREHOUSE_NAME, WAREHOUSE_GROUP_CODE, WAREHOUSE_GROUP_NAME, DOCUMENT_DATE, FINANCE_PERIOD_NUMBER, FINANCE_PERIOD_NAME, INCOMING_OUTGOING, INCOMING_OUTGOING_NAME, ITEM_QUANTITY, NET_SALES_QUANTITY, INCOMING_QUANTITY, OUTGOING_QUANTITY, FREE_INCOMING_QUANTITY, FREE_OUTGOING_QUANTITY, NET_INCOMING_QUANTITY, NET_OUTGOING_QUANTITY, AVAILABLE_QUANTITY, STOCK_COST, VALUE_ADDED_TAX_AMOUNT, DISCOUNT_AMOUNT, OTHER_AMOUNT, OTHER_VALUE_ADDED_TAX_AMOUNT, DISCOUNT_AMOUNT_DETAIL, DISCOUNT_AMOUNT_DETAIL_VAT, DISCOUNT_AMOUNT_DETAIL_2, DISCOUNT_AMOUNT_DETAIL_2_VAT, DISCOUNT_AMOUNT_DETAIL_3, DISCOUNT_AMOUNT_DETAIL_3_VAT, ITEM_COST_WAREHOUSE_AVERAGE, LENGTH_FROM_INITIAL, WIDTH_FROM_INITIAL, HEIGHT_FROM_INITIAL, ACCOUNT_DETAIL_TYPE, CUSTOMER_CODE, CUSTOMER_NAME, VENDOR_CODE, VENDOR_NAME, COST_CENTER_CODE, COST_CENTER_NAME, PROJECT_NUMBER, PROJECT_NAME, ACTIVITY_NUMBER, ACTIVITY_NAME, EXPIRE_DATE, BATCH_NUMBER, COMPANY_NUMBER, COMPANY_NAME, BRANCH_NUMBER, BRANCH_NAME, BRANCH_YEAR, BRANCH_USER_, COUNTRY_NUMBER, COUNTRY_NAME, PROVINCE_NUMBER, PROVINCE_NAME, CITY_NUMBER, CITY_NAME, REGION_CODE, REGION_CODE_NAME, INCOMING_DATE, LENGTH_FROM_TRANSACTION, WIDTH_FROM_TRANSACTION, HEIGHT_FROM_TRANSACTION, SEASONAL_ITEM, OBJECT_REUSE_EXCHANGE_ITEM, BRAND, MANUFACTURE_COMPANY, MANUFACTURE_COUNTRY) VALUES ('ITEM001', 'Widget A', 'Widget A Foreign', 'Description A', 'Foreign Desc A', 'EA', 100.0, 50.0, 'GROUP1', 'Group One', 1, 'Activity1', 'MAIN1', 'Main Group1', 'SUB1', 'Sub Group1', 'UNDER1', 'Under Sub1', 'ASST1', 'Assistant1', 'DETAIL1', 'Detail1', 'ALT1', 'Alternative1', 1, 'Category1', 0, 1, 1, 1, 1, 10.0, 5.0, 2.0, 1.5, 'GTIN001', 'HSN001', 'MAN001', 'ALT001', 1, 'DOC1', 'Document1', 'PAY1', 'Payment1', 'SUBDOC1', 'Subdoc1', 'WH1', 'Warehouse1', 'WHG1', 'WH Group1', '2024-12-26', 1, 'Period1', 0, 'Outgoing', 35.768, 40.0, 0, 35.768, 5.0, 2.0, 55.0, 8.0, 64.232, 500.0, 50.0, 20.0, 10.0, 5.0, 15.0, 1.5, 10.0, 1.0, 5.0, 0.5, 10.0, 10.0, 5.0, 2.0, 0, 'CUST001', 'Customer1', 'VEND001', 'Vendor1', 'CC001', 'Cost Center1', 1, 'Project1', 1, 'Activity1', '2026-01-01', 'BATCH001', 1, 'Company1', 1, 'Branch1', 2025, 'User1', 1, 'Country1', 1, 'Province1', 1, 'City1', 'REG1', 'Region1', '2024-12-26', 11.0, 6.0, 3.0, 1, 0, 'Brand1', 'ManuComp1', 'ManuCountry1');
INSERT INTO INV_V_ITM_MOVMNT_AI (ITEM_CODE, ITEM_NAME, ITEM_FOREIGN_NAME, ITEM_DESCRIPTION, ITEM_FOREIGN_DESCRIPTION, ITEM_UNIT, MAXIMUM_ITEM_UNIT, MAXIMUM_PARENT_SIZE, ITEMS_GROUP_CLASS_CODE, ITEM_GROUP_CLASS_NAME, ITEM_ACTIVITY_NUMBER, ITEM_ACTIVITY_NAME, MAIN_GROUP_CODE, MAIN_GROUP_CODE_NAME, SUBGROUP_CODE, SUBGROUP_CODE_NAME, UNDER_SUBGROUP_CODE, UNDER_SUBGROUP_CODE_NAME, ASISTANT_GROUP_CODE, ASISTANT_GROUP_NAME, DETAIL_GROUP_CODE, DETAIL_GROUP_CODE_NAME, ALTRNATIVE_GROUP_CODE, ALTRNATIVE_GROUP_NAME, ITEM_CATEGORY_NUMBER, ITEM_CATEGORY_NAME, KIT_ITEM, USE_EXPIRE_DATE, USING_BATCH_NUMBER, USING_SERIAL_NUMBER, USING_ITEM_ATTACHMENT, ITEM_PACKAGE_SIZE, ITEM_SIZE, ITEM_AREA, ITEM_WEIGHT, GLOBAL_TRAD_ITEM_NUMBER_CODE, HARMONIZED_SYSTEM_NOMENCLATURE, MANUFACTURE_CODE, ALTERBATIVE_CODE, MATERIAL_REQUIREMENT_PLANING, DOCUMENT_TYPE, DOCUMENT_TYPE_NAME, PAYMENT_METHOD, PAYMENT_METHOD_NAME, DOCUMENT_SUBTYPE, DOCUMENT_SUBTYPE_NAME, WAREHOUSE_CODE, WAREHOUSE_NAME, WAREHOUSE_GROUP_CODE, WAREHOUSE_GROUP_NAME, DOCUMENT_DATE, FINANCE_PERIOD_NUMBER, FINANCE_PERIOD_NAME, INCOMING_OUTGOING, INCOMING_OUTGOING_NAME, ITEM_QUANTITY, NET_SALES_QUANTITY, INCOMING_QUANTITY, OUTGOING_QUANTITY, FREE_INCOMING_QUANTITY, FREE_OUTGOING_QUANTITY, NET_INCOMING_QUANTITY, NET_OUTGOING_QUANTITY, AVAILABLE_QUANTITY, STOCK_COST, VALUE_ADDED_TAX_AMOUNT, DISCOUNT_AMOUNT, OTHER_AMOUNT, OTHER_VALUE_ADDED_TAX_AMOUNT, DISCOUNT_AMOUNT_DETAIL, DISCOUNT_AMOUNT_DETAIL_VAT, DISCOUNT_AMOUNT_DETAIL_2, DISCOUNT_AMOUNT_DETAIL_2_VAT, DISCOUNT_AMOUNT_DETAIL_3, DISCOUNT_AMOUNT_DETAIL_3_VAT, ITEM_COST_WAREHOUSE_AVERAGE, LENGTH_FROM_INITIAL, WIDTH_FROM_INITIAL, HEIGHT_FROM_INITIAL, ACCOUNT_DETAIL_TYPE, CUSTOMER_CODE, CUSTOMER_NAME, VENDOR_CODE, VENDOR_NAME, COST_CENTER_CODE, COST_CENTER_NAME, PROJECT_NUMBER, PROJECT_NAME, ACTIVITY_NUMBER, ACTIVITY_NAME, EXPIRE_DATE, BATCH_NUMBER, COMPANY_NUMBER, COMPANY_NAME, BRANCH_NUMBER, BRANCH_NAME, BRANCH_YEAR, BRANCH_USER_, COUNTRY_NUMBER, COUNTRY_NAME, PROVINCE_NUMBER, PROVINCE_NAME, CITY_NUMBER, CITY_NAME, REGION_CODE, REGION_CODE_NAME, INCOMING_DATE, LENGTH_FROM_TRANSACTION, WIDTH_FROM_TRANSACTION, HEIGHT_FROM_TRANSACTION, SEASONAL_ITEM, OBJECT_REUSE_EXCHANGE_ITEM, BRAND, MANUFACTURE_COMPANY, MANUFACTURE_COUNTRY) VALUES ('ITEM001', 'Widget A', 'Widget A Foreign', 'Description A', 'Foreign Desc A', 'EA', 100.0, 50.0, 'GROUP1', 'Group One', 1, 'Activity1', 'MAIN1', 'Main Group1', 'SUB1', 'Sub Group1', 'UNDER1', 'Under Sub1', 'ASST1', 'Assistant1', 'DETAIL1', 'Detail1', 'ALT1', 'Alternative1', 1, 'Category1', 0, 1, 1, 1, 1, 10.0, 5.0, 2.0, 1.5, 'GTIN001', 'HSN001', 'MAN001', 'ALT001', 1, 'DOC1', 'Document1', 'PAY1', 'Payment1', 'SUBDOC1', 'Subdoc1', 'WH1', 'Warehouse1', 'WHG1', 'WH Group1', '2024-12-27', 1, 'Period1', 1, 'Incoming', 20.641, 40.0, 14.474, 6.167, 5.0, 2.0, 55.0, 8.0, 108.307, 500.0, 50.0, 20.0, 10.0, 5.0, 15.0, 1.5, 10.0, 1.0, 5.0, 0.5, 10.0, 10.0, 5.0, 2.0, 0, 'CUST001', 'Customer1', 'VEND001', 'Vendor1', 'CC001', 'Cost Center1', 1, 'Project1', 1, 'Activity1', '2026-01-01', 'BATCH001', 1, 'Company1', 1, 'Branch1', 2025, 'User1', 1, 'Country1', 1, 'Province1', 1, 'City1', 'REG1', 'Region1', '2024-12-27', 11.0, 6.0, 3.0, 1, 0, 'Brand1', 'ManuComp1', 'ManuCountry1');
INSERT INTO INV_V_ITM_MOVMNT_AI (ITEM_CODE, ITEM_NAME, ITEM_FOREIGN_NAME, ITEM_DESCRIPTION, ITEM_FOREIGN_DESCRIPTION, ITEM_UNIT, MAXIMUM_ITEM_UNIT, MAXIMUM_PARENT_SIZE, ITEMS_GROUP_CLASS_CODE, ITEM_GROUP_CLASS_NAME, ITEM_ACTIVITY_NUMBER, ITEM_ACTIVITY_NAME, MAIN_GROUP_CODE, MAIN_GROUP_CODE_NAME, SUBGROUP_CODE, SUBGROUP_CODE_NAME, UNDER_SUBGROUP_CODE, UNDER_SUBGROUP_CODE_NAME, ASISTANT_GROUP_CODE, ASISTANT_GROUP_NAME, DETAIL_GROUP_CODE, DETAIL_GROUP_CODE_NAME, ALTRNATIVE_GROUP_CODE, ALTRNATIVE_GROUP_NAME, ITEM_CATEGORY_NUMBER, ITEM_CATEGORY_NAME, KIT_ITEM, USE_EXPIRE_DATE, USING_BATCH_NUMBER, USING_SERIAL_NUMBER, USING_ITEM_ATTACHMENT, ITEM_PACKAGE_SIZE, ITEM_SIZE, ITEM_AREA, ITEM_WEIGHT, GLOBAL_TRAD_ITEM_NUMBER_CODE, HARMONIZED_SYSTEM_NOMENCLATURE, MANUFACTURE_CODE, ALTERBATIVE_CODE, MATERIAL_REQUIREMENT_PLANING, DOCUMENT_TYPE, DOCUMENT_TYPE_NAME, PAYMENT_METHOD, PAYMENT_METHOD_NAME, DOCUMENT_SUBTYPE, DOCUMENT_SUBTYPE_NAME, WAREHOUSE_CODE, WAREHOUSE_NAME, WAREHOUSE_GROUP_CODE, WAREHOUSE_GROUP_NAME, DOCUMENT_DATE, FINANCE_PERIOD_NUMBER, FINANCE_PERIOD_NAME, INCOMING_OUTGOING, INCOMING_OUTGOING_NAME, ITEM_QUANTITY, NET_SALES_QUANTITY, INCOMING_QUANTITY, OUTGOING_QUANTITY, FREE_INCOMING_QUANTITY, FREE_OUTGOING_QUANTITY, NET_INCOMING_QUANTITY, NET_OUTGOING_QUANTITY, AVAILABLE_QUANTITY, STOCK_COST, VALUE_ADDED_TAX_AMOUNT, DISCOUNT_AMOUNT, OTHER_AMOUNT, OTHER_VALUE_ADDED_TAX_AMOUNT, DISCOUNT_AMOUNT_DETAIL, DISCOUNT_AMOUNT_DETAIL_VAT, DISCOUNT_AMOUNT_DETAIL_2, DISCOUNT_AMOUNT_DETAIL_2_VAT, DISCOUNT_AMOUNT_DETAIL_3, DISCOUNT_AMOUNT_DETAIL_3_VAT, ITEM_COST_WAREHOUSE_AVERAGE, LENGTH_FROM_INITIAL, WIDTH_FROM_INITIAL, HEIGHT_FROM_INITIAL, ACCOUNT_DETAIL_TYPE, CUSTOMER_CODE, CUSTOMER_NAME, VENDOR_CODE, VENDOR_NAME, COST_CENTER_CODE, COST_CENTER_NAME, PROJECT_NUMBER, PROJECT_NAME, ACTIVITY_NUMBER, ACTIVITY_NAME, EXPIRE_DATE, BATCH_NUMBER, COMPANY_NUMBER, COMPANY_NAME, BRANCH_NUMBER, BRANCH_NAME, BRANCH_YEAR, BRANCH_USER_, COUNTRY_NUMBER, COUNTRY_NAME, PROVINCE_NUMBER, PROVINCE_NAME, CITY_NUMBER, CITY_NAME, REGION_CODE, REGION_CODE_NAME, INCOMING_DATE, LENGTH_FROM_TRANSACTION, WIDTH_FROM_TRANSACTION, HEIGHT_FROM_TRANSACTION, SEASONAL_ITEM, OBJECT_REUSE_EXCHANGE_ITEM, BRAND, MANUFACTURE_COMPANY, MANUFACTURE_COUNTRY) VALUES ('ITEM001', 'Widget A', 'Widget A Foreign', 'Description A', 'Foreign Desc A', 'EA', 100.0, 50.0, 'GROUP1', 'Group One', 1, 'Activity1', 'MAIN1', 'Main Group1', 'SUB1', 'Sub Group1', 'UNDER1', 'Under Sub1', 'ASST1', 'Assistant1', 'DETAIL1', 'Detail1', 'ALT1', 'Alternative1', 1, 'Category1', 0, 1, 1, 1, 1, 10.0, 5.0, 2.0, 1.5, 'GTIN001', 'HSN001', 'MAN001', 'ALT001', 1, 'DOC1', 'Document1', 'PAY1', 'Payment1', 'SUBDOC1', 'Subdoc1', 'WH1', 'Warehouse1', 'WHG1', 'WH Group1', '2024-12-28', 1, 'Period1', 0, 'Outgoing', 17.727, 40.0, 0, 17.727, 5.0, 2.0, 55.0, 8.0, 82.273, 500.0, 50.0, 20.0, 10.0, 5.0, 15.0, 1.5, 10.0, 1.0, 5.0, 0.5, 10.0, 10.0, 5.0, 2.0, 0, 'CUST001', 'Customer1', 'VEND001', 'Vendor1', 'CC001', 'Cost Center1', 1, 'Project1', 1, 'Activity1', '2026-01-01', 'BATCH001', 1, 'Company1', 1, 'Branch1', 2025, 'User1', 1, 'Country1', 1, 'Province1', 1, 'City1', 'REG1', 'Region1', '2024-12-28', 11.0, 6.0, 3.0, 1, 0, 'Brand1', 'ManuComp1', 'ManuCountry1');
INSERT INTO INV_V_ITM_MOVMNT_AI (ITEM_CODE, ITEM_NAME, ITEM_FOREIGN_NAME, ITEM_DESCRIPTION, ITEM_FOREIGN_DESCRIPTION, ITEM_UNIT, MAXIMUM_ITEM_UNIT, MAXIMUM_PARENT_SIZE, ITEMS_GROUP_CLASS_CODE, ITEM_GROUP_CLASS_NAME, ITEM_ACTIVITY_NUMBER, ITEM_ACTIVITY_NAME, MAIN_GROUP_CODE, MAIN_GROUP_CODE_NAME, SUBGROUP_CODE, SUBGROUP_CODE_NAME, UNDER_SUBGROUP_CODE, UNDER_SUBGROUP_CODE_NAME, ASISTANT_GROUP_CODE, ASISTANT_GROUP_NAME, DETAIL_GROUP_CODE, DETAIL_GROUP_CODE_NAME, ALTRNATIVE_GROUP_CODE, ALTRNATIVE_GROUP_NAME, ITEM_CATEGORY_NUMBER, ITEM_CATEGORY_NAME, KIT_ITEM, USE_EXPIRE_DATE, USING_BATCH_NUMBER, USING_SERIAL_NUMBER, USING_ITEM_ATTACHMENT, ITEM_PACKAGE_SIZE, ITEM_SIZE, ITEM_AREA, ITEM_WEIGHT, GLOBAL_TRAD_ITEM_NUMBER_CODE, HARMONIZED_SYSTEM_NOMENCLATURE, MANUFACTURE_CODE, ALTERBATIVE_CODE, MATERIAL_REQUIREMENT_PLANING, DOCUMENT_TYPE, DOCUMENT_TYPE_NAME, PAYMENT_METHOD, PAYMENT_METHOD_NAME, DOCUMENT_SUBTYPE, DOCUMENT_SUBTYPE_NAME, WAREHOUSE_CODE, WAREHOUSE_NAME, WAREHOUSE_GROUP_CODE, WAREHOUSE_GROUP_NAME, DOCUMENT_DATE, FINANCE_PERIOD_NUMBER, FINANCE_PERIOD_NAME, INCOMING_OUTGOING, INCOMING_OUTGOING_NAME, ITEM_QUANTITY, NET_SALES_QUANTITY, INCOMING_QUANTITY, OUTGOING_QUANTITY, FREE_INCOMING_QUANTITY, FREE_OUTGOING_QUANTITY, NET_INCOMING_QUANTITY, NET_OUTGOING_QUANTITY, AVAILABLE_QUANTITY, STOCK_COST, VALUE_ADDED_TAX_AMOUNT, DISCOUNT_AMOUNT, OTHER_AMOUNT, OTHER_VALUE_ADDED_TAX_AMOUNT, DISCOUNT_AMOUNT_DETAIL, DISCOUNT_AMOUNT_DETAIL_VAT, DISCOUNT_AMOUNT_DETAIL_2, DISCOUNT_AMOUNT_DETAIL_2_VAT, DISCOUNT_AMOUNT_DETAIL_3, DISCOUNT_AMOUNT_DETAIL_3_VAT, ITEM_COST_WAREHOUSE_AVERAGE, LENGTH_FROM_INITIAL, WIDTH_FROM_INITIAL, HEIGHT_FROM_INITIAL, ACCOUNT_DETAIL_TYPE, CUSTOMER_CODE, CUSTOMER_NAME, VENDOR_CODE, VENDOR_NAME, COST_CENTER_CODE, COST_CENTER_NAME, PROJECT_NUMBER, PROJECT_NAME, ACTIVITY_NUMBER, ACTIVITY_NAME, EXPIRE_DATE, BATCH_NUMBER, COMPANY_NUMBER, COMPANY_NAME, BRANCH_NUMBER, BRANCH_NAME, BRANCH_YEAR, BRANCH_USER_, COUNTRY_NUMBER, COUNTRY_NAME, PROVINCE_NUMBER, PROVINCE_NAME, CITY_NUMBER, CITY_NAME, REGION_CODE, REGION_CODE_NAME, INCOMING_DATE, LENGTH_FROM_TRANSACTION, WIDTH_FROM_TRANSACTION, HEIGHT_FROM_TRANSACTION, SEASONAL_ITEM, OBJECT_REUSE_EXCHANGE_ITEM, BRAND, MANUFACTURE_COMPANY, MANUFACTURE_COUNTRY) VALUES ('ITEM001', 'Widget A', 'Widget A Foreign', 'Description A', 'Foreign Desc A', 'EA', 100.0, 50.0, 'GROUP1', 'Group One', 1, 'Activity1', 'MAIN1', 'Main Group1', 'SUB1', 'Sub Group1', 'UNDER1', 'Under Sub1', 'ASST1', 'Assistant1', 'DETAIL1', 'Detail1', 'ALT1', 'Alternative1', 1, 'Category1', 0, 1, 1, 1, 1, 10.0, 5.0, 2.0, 1.5, 'GTIN001', 'HSN001', 'MAN001', 'ALT001', 1, 'DOC1', 'Document1', 'PAY1', 'Payment1', 'SUBDOC1', 'Subdoc1', 'WH1', 'Warehouse1', 'WHG1', 'WH Group1', '2024-12-29', 1, 'Period1', 0, 'Outgoing', 15.685, 40.0, 0, 15.685, 5.0, 2.0, 55.0, 8.0, 84.315, 500.0, 50.0, 20.0, 10.0, 5.0, 15.0, 1.5, 10.0, 1.0, 5.0, 0.5, 10.0, 10.0, 5.0, 2.0, 0, 'CUST001', 'Customer1', 'VEND001', 'Vendor1', 'CC001', 'Cost Center1', 1, 'Project1', 1, 'Activity1', '2026-01-01', 'BATCH001', 1, 'Company1', 1, 'Branch1', 2025, 'User1', 1, 'Country1', 1, 'Province1', 1, 'City1', 'REG1', 'Region1', '2024-12-29', 11.0, 6.0, 3.0, 1, 0, 'Brand1', 'ManuComp1', 'ManuCountry1');
INSERT INTO INV_V_ITM_MOVMNT_AI (ITEM_CODE, ITEM_NAME, ITEM_FOREIGN_NAME, ITEM_DESCRIPTION, ITEM_FOREIGN_DESCRIPTION, ITEM_UNIT, MAXIMUM_ITEM_UNIT, MAXIMUM_PARENT_SIZE, ITEMS_GROUP_CLASS_CODE, ITEM_GROUP_CLASS_NAME, ITEM_ACTIVITY_NUMBER, ITEM_ACTIVITY_NAME, MAIN_GROUP_CODE, MAIN_GROUP_CODE_NAME, SUBGROUP_CODE, SUBGROUP_CODE_NAME, UNDER_SUBGROUP_CODE, UNDER_SUBGROUP_CODE_NAME, ASISTANT_GROUP_CODE, ASISTANT_GROUP_NAME, DETAIL_GROUP_CODE, DETAIL_GROUP_CODE_NAME, ALTRNATIVE_GROUP_CODE, ALTRNATIVE_GROUP_NAME, ITEM_CATEGORY_NUMBER, ITEM_CATEGORY_NAME, KIT_ITEM, USE_EXPIRE_DATE, USING_BATCH_NUMBER, USING_SERIAL_NUMBER, USING_ITEM_ATTACHMENT, ITEM_PACKAGE_SIZE, ITEM_SIZE, ITEM_AREA, ITEM_WEIGHT, GLOBAL_TRAD_ITEM_NUMBER_CODE, HARMONIZED_SYSTEM_NOMENCLATURE, MANUFACTURE_CODE, ALTERBATIVE_CODE, MATERIAL_REQUIREMENT_PLANING, DOCUMENT_TYPE, DOCUMENT_TYPE_NAME, PAYMENT_METHOD, PAYMENT_METHOD_NAME, DOCUMENT_SUBTYPE, DOCUMENT_SUBTYPE_NAME, WAREHOUSE_CODE, WAREHOUSE_NAME, WAREHOUSE_GROUP_CODE, WAREHOUSE_GROUP_NAME, DOCUMENT_DATE, FINANCE_PERIOD_NUMBER, FINANCE_PERIOD_NAME, INCOMING_OUTGOING, INCOMING_OUTGOING_NAME, ITEM_QUANTITY, NET_SALES_QUANTITY, INCOMING_QUANTITY, OUTGOING_QUANTITY, FREE_INCOMING_QUANTITY, FREE_OUTGOING_QUANTITY, NET_INCOMING_QUANTITY, NET_OUTGOING_QUANTITY, AVAILABLE_QUANTITY, STOCK_COST, VALUE_ADDED_TAX_AMOUNT, DISCOUNT_AMOUNT, OTHER_AMOUNT, OTHER_VALUE_ADDED_TAX_AMOUNT, DISCOUNT_AMOUNT_DETAIL, DISCOUNT_AMOUNT_DETAIL_VAT, DISCOUNT_AMOUNT_DETAIL_2, DISCOUNT_AMOUNT_DETAIL_2_VAT, DISCOUNT_AMOUNT_DETAIL_3, DISCOUNT_AMOUNT_DETAIL_3_VAT, ITEM_COST_WAREHOUSE_AVERAGE, LENGTH_FROM_INITIAL, WIDTH_FROM_INITIAL, HEIGHT_FROM_INITIAL, ACCOUNT_DETAIL_TYPE, CUSTOMER_CODE, CUSTOMER_NAME, VENDOR_CODE, VENDOR_NAME, COST_CENTER_CODE, COST_CENTER_NAME, PROJECT_NUMBER, PROJECT_NAME, ACTIVITY_NUMBER, ACTIVITY_NAME, EXPIRE_DATE, BATCH_NUMBER, COMPANY_NUMBER, COMPANY_NAME, BRANCH_NUMBER, BRANCH_NAME, BRANCH_YEAR, BRANCH_USER_, COUNTRY_NUMBER, COUNTRY_NAME, PROVINCE_NUMBER, PROVINCE_NAME, CITY_NUMBER, CITY_NAME, REGION_CODE, REGION_CODE_NAME, INCOMING_DATE, LENGTH_FROM_TRANSACTION, WIDTH_FROM_TRANSACTION, HEIGHT_FROM_TRANSACTION, SEASONAL_ITEM, OBJECT_REUSE_EXCHANGE_ITEM, BRAND, MANUFACTURE_COMPANY, MANUFACTURE_COUNTRY) VALUES ('ITEM001', 'Widget A', 'Widget A Foreign', 'Description A', 'Foreign Desc A', 'EA', 100.0, 50.0, 'GROUP1', 'Group One', 1, 'Activity1', 'MAIN1', 'Main Group1', 'SUB1', 'Sub Group1', 'UNDER1', 'Under Sub1', 'ASST1', 'Assistant1', 'DETAIL1', 'Detail1', 'ALT1', 'Alternative1', 1, 'Category1', 0, 1, 1, 1, 1, 10.0, 5.0, 2.0, 1.5, 'GTIN001', 'HSN001', 'MAN001', 'ALT001', 1, 'DOC1', 'Document1', 'PAY1', 'Payment1', 'SUBDOC1', 'Subdoc1', 'WH1', 'Warehouse1', 'WHG1', 'WH Group1', '2024-12-30', 1, 'Period1', 1, 'Incoming', 39.829, 40.0, 19.009, 20.82, 5.0, 2.0, 55.0, 8.0, 98.189, 500.0, 50.0, 20.0, 10.0, 5.0, 15.0, 1.5, 10.0, 1.0, 5.0, 0.5, 10.0, 10.0, 5.0, 2.0, 0, 'CUST001', 'Customer1', 'VEND001', 'Vendor1', 'CC001', 'Cost Center1', 1, 'Project1', 1, 'Activity1', '2026-01-01', 'BATCH001', 1, 'Company1', 1, 'Branch1', 2025, 'User1', 1, 'Country1', 1, 'Province1', 1, 'City1', 'REG1', 'Region1', '2024-12-30', 11.0, 6.0, 3.0, 1, 0, 'Brand1', 'ManuComp1', 'ManuCountry1');
